,text,label
0,오늘 구입한 고구마 달콤한 년산 꿀 고구마 실중량  를 먹어보니 맛이 좋고 질도 좋았습니다특히 이렇게  고소함이 가득한 고구마 달콤한 년산 꿀 고구마 실중량  를  싼 가격에 판매한다는 점에서 아주 높은 점수를 줄 수 있었습니다매일 고소함이 가득한 고구마 달콤한 년산 꿀 고구마 실중량  를  이용해서 아침 저녁으로 맛있게 먹을  예정입니다                                                                                이렇게 고소함이 가득한 고구마 달콤한 년산 꿀 고구마 실중량  를  판매해 주신 판매자에게 깊은 감사를 드립니다,1
1,그제 저녁에 주문해서 오늘 받았어요 고구마 크기는 좋네요 요전에 한입사이즈로 다른곳에서 구매했었는데 진짜 애기들 주먹만한거로만 와서 좀 그랬는데 여기는 한입 사이즈 치곤 크기가 괜찮네요 근데 많이 부러지고 깨져서 왔어요 그래도 가격대비 만족 합니다 먹어보고 맛입음 재구매할꺼에요,1
2,예전에도 한입 크기 구매했는데지금까지 한입크기 사이즈 주문한것중에 제일 작네요정말 이런걸 캐나이건 좀 놔둬야하는거 아닌가하는 성인 굵은 손가락 사이즈도 있어서 약간 실망감도에어프라이어에 돌려서 먹었는데 맛은 있는데 개정도가 기본 사이즈 개정도인듯잔뿌리도 좀 많고담엔 생각해보고 사야할듯ㅜㅜ,0
3,사이즈라던지 맛이라던지 떠나서 실온에 보관해둔 고구마인데 너무 빨리 물러지고 상하길래 깜짝 놀랬습니다냉장보관하지 않은 제가 잘못인가요배송온 첫날 한번 에어프라이어에 구워먹고 심지가 많타싶었지만 그냥 먹었는데 몇일지나보니 물러지고 상해있어서 거의 키로 몽땅 버림ㅠ,0
4,한입고구마 라고는 하지만 제입이 커서 그런지는 몰라도반입고구마 라고 하는게 맞을것 같습니다썩거나 상한것은 없으나 가격이 저렴한것을 감안 하더라도 너무 작아서 일부는 버려야 할 고구마까지 섞여 있네요,0
5,구매평 보고 구입 했는데   한입 크기가 아니라 남성 엄지손가락에서 조금 큰정도  살 아이가 한입 먹기 좋은 사이즈 네요  첫 구매인데 실망 다음에 구매 알할꺼같네요,0
6,여기 택배원이 맘에 안 드는 것은내 사정이고왜  상품을  문 밖에 문에다 딱 붙여서 놓아서안에서 문을 못 열게 하는지매번 그러는데상품은 받았지만 기분이  안 좋아요택배 때문에,0
7,꿀고구마로 판매홍보하면서밤고구마로 입고되면 어쩔까요 ㅠㅠ너무 퍽퍽하여제대로 기대이하입니다ㅠㅠ또한 한입크기 수시로 구입하지만이제품만큼 작은 한입고구마는 처음 접해봅니다,0
8,빠른 배송 감사합니다고구마를 좋아해서 자주 사서 에어후라이어에구워서 먹는데 이번에 구매한 고구마는 보관이잘못되었는지 섞은 고구마가 많아요 구워서그런가해서 삶아서 먹는데도 상태가 좋지않아요,0
9,한입소  성인 남성이 먹기엔 너무 작긴 합니다만 여성분들이나아이들 간식으로 주기엔 적당한 한입 사이즈에요선별을 했겠지만 고구마 줄기가  제법 많이 있는점은 옥의티입니다,1
20,지난번에 상태좋은 한입고구마가 와서 재구매 했더니 이번엔 아니네요 한입 크기는 거의없고 가늘고 긴것들이 대부분이고 상한부분 잘라낸 거들도 여러게 있고 좀 아쉽네요,0
21,고구마가 생각보다 싱싱하고 사이즈도 넉넉히 좋습니다 ㅎㅎ아이가 좋아해서 한입크기 자주 구매하는데상태도 크기도 너무나 만족해요많이 파세요,1
22,한입인줄 알았는데 긴상이네요상품성 있는것도있고 너무 얇은것도 있지만 만족합니다에어프라이기에 조리해봤는데꿀고구마 아닙니다단 맛이 전혀없어요아진짜,0
23,아주 작은 사이즈 고구마가 상자안에 촘촘히 들어있는데 상한게 하나 없어 좋네요 개인적으로 빨리 냄비에 익힐 수 있는 작은 사이즈를 선호해서 잘 받았습니다,1
24,진짜로 딱 한입 크기의 고구마네요큰건 삶는데 시간도 오래 걸리고 먹다 남기기도 그렇고 한데전기 찜기로 분 돌리니 잘 삶아지구요 맛도 아주 좋아요,1
25,저렴하게 잘구매한것같아요   조금  넘작아  한입도 안되는게  아마도  시골에선 그냥버리는  상품이겠지만  그래도 구매해서 먹어야하니  잘  먹을게요   사진은 크게,1
26,고구마 자체는 작아도 너무너무 작은 것들인데 그나마 상한 것들이 극히 소량만이라 그걸 만족해 하면 부지런 군고구마로 먹으려고 합니다 빠른 배송은 감사니다,0
27,인 가구가 많지만 조금씩 주변에서 사다 먹기엔 또 많이 비싼 고구마를 적당량에 합리적인 가격으로 주셔서 감사해요 개인적으로 좋아하는 사이즈에요,1
28,오자마자 에어프라이어에 구워먹었는데 달고 맛있었어요일부로 빨리 먹으려고 작은 것만 골라 구워봤는데 사이즈도 딱 먹기 좋은 사이즈라 너무너무너무 좋았어요,1
29,슬로우쿠커에 찌니 고운분이 날 정도로 대체로 맛있는데나눠먹긴 그렇네요자색고구마도 섞여있나봄개 쪄낸것중 하나 있던데 덜 싱싱한데다른건 괜찮겠죠,1
30,고구마 막 먹기에는 가성비 좋네요지난번에 사서 에어프라이어로 구워 먹고이번에 또 구매 했어요유튜브 쌔똥회군고구마 먹방영상 후기가 있어요,1
31,에어 프라이어를 올킬특가로 구입하면서 고구마를 오븐에 구워먹으면 그리 맛난다고 다들해서 주문해는데아직 첫개시도 못했네요 오늘은 꼭 먹어봐야 겠어요,1
32,생각보다 진짜 넘작은게 대부분이라 걱정많이했는데 다행하 받고나서 일 베란다에서 말린뒤 오늘 삶아서먹어보니 맛은 있네요 간혹몇개는 심이 많아요,1
33,지난번 맛있게먹고 재구매예요 역시 맛있고 딱 한입사이즈라 먹기 편하고 좋아요 에프에 도 분 돌렸어요 그럼 더 달아져요 ㅎㅎ 번창하세요,1
34,달달 하니 맛있어요 근데 무게 맞추려고 잘라 넣으신건 아니져 잘잘하게 잘린것들이 보여서 아쉬웠어요 근데 구매한거 후회 안할정도로 너무 맛있어요,1
35,지난번것도 좋았는데 이번에 받은 고구 마는 지난번 받은것보다 더욱 품질과 크기가 좋아졌습니다 대 만족 입니다,1
36,좋아요 너무 좋네요 생각 했던 것 보다 크기도 고르고 쩌서 먹어보니 맛도 좋아요 아주 예쁜 것 이 왔네요 또 구입할게요 감사합니다 ,1
37,그냥 먹을만한 정도입니다 달지는 않아요 보통의 단맛정도입니다좀 식으니 좀 단맛이 나서 먹을정도네요 크기는 적당하니 좋아요,0
38,대실망 썩은 고구마가 태반 거의 제대로 된 고구마를 구경 못하고 지인 집에서 삶아 드렸는데 창피했음 반품시기를 놓친 것이 안타깝다,0
39,상태가 아주 좋지는 않아요  흠집있는것도 몇개 있고 하지만 저렴한 가격과 빠른배송 생각하면 괜찮은편,0
40,작긴하지만 상한거 없이 상태도 좋고 아주 맛있네요다시주문하려고 찾아들어온김에 리뷰남깁니다 맛있게 잘 먹었어요,1
41,배송 빠르고 한입 먹기 딱 좋은 사이즈에 달고 맛난 밤고구마네요 세척한 상태라 손질도 간편해요,1
42,진짜 고구마가 너무 적어요   껍질까면거의못먹을정도로적어요  이런건줄알았으면  조금돈을더주더라도큰것을시킬걸후회했네요  너무너무적습니다,0
43,와 우  싸게  잘  샀어요  맛도  좋아요밥할때 깨끗이  씻어어  껍질째  등분해서  넣어  하면  좋겠어요   마니  파세요,1
44,저렴하게 너무 잘샀어요 에프에 돌려먹으면 더 달고 맛있어요  양이 너무 많아 안상하게 잘 먹을수있을지 나눠먹어야겠어요,1
45,고구마  상태두  좋구요 크기가  생각한것보다   커요  엄청  달구  맛있어요  잘  먹겠음니다,1
46,한입크기고구마는 처음인데 정말 작네요 ㅋ크기 정말 작지만 달고 맛있어요상태도 좋고  양도많아요,1
47,처음에  먹어보고 좋아서   추가 구매하고 세번째  친구에게 보내줬어요 친구도 맛있게 먹었으면 합니다,1
48,한입 고구마 잘 받았습니다 한입 고구마  잘 받았습니다한입 맛있는고구마 잘 받았습니다 강추입니다,1
49,한입사이즈 크기도 좋고 흠집도없고맘에들어요오자마자 쩌먹었는데 꿀고구마는 아니고그냥 먹을만하네요,1
50,잘받았구 깨끗하게 잘 왔네여 먹어보질 않아 맛은 아직 모르지만먹는순간 썩은게 없길 바라믄서리잘 먹겠슴돠,1
51,맛은 있는데 사이즈가 너무 작아  아숩네요한입크기가  아니라  반입크기 정도 되겠네요,0
52,크기도 한입먹기 딱좋고 맛도 좋으네요 다만 제가 보간을 잘못해서인지 곰팡이가 피었어요 ㅠㅠ 보관잘하세요,1
53,두번째구매인데 이번엔 작기도 너무작고신문지에 널어서 말리고 박스에 넣어뒀는데도 다 썩어버리네요다신 구매안하려구요,0
54,배송 빨라요꿀고구마이기보단 밤고구마에 더 가까운거 같아요그래서 저는 더 맘에 들어요먹기에 크기도 적당하고 맛도 좋아요,1
55,한입소 라고 해도 너무 작아요 거의 생기다만 고구마 거의 줄기에 가깝다고 생각합니다  먹을 것이 거의 없어요,0
56,세척된 것인지 깨끗합니다썩은 것도 거의 없어서 이틀 건조하고 오늘 쪘더니 정말 맛있어요잘 먹겠습니다,1
57,첫 구매하여 먹엇을때  진짜 맛있어 재 구매했는데  맛도 별로 없고 금방 썩고 해서 실망이네요 다 먹지못하고 버렸어요,0
58,다른분들 사진마다 고구마 모양이 달라서 두툼하길 기대했는데 길이가 길고 얇아요 고구마 하나당 정도 되네용,0
59,크기는 긴상인데 기형적인 모양이 많고숙성이 덜 됐는지 단맛은 보통이고 껍질이 두꺼워요ㅡ일단 말리는 중,0
60,보통 한입 사이즈가 가느다랗고 작은게 많은데 이것은 너무 작지않고 좋습니다아침 대용으로 잘 먹겠습니다,1
61,깔끔하게 잘 포장되어 물건 잘 받았습니다물건도 아주 너무 좋습니다 잘 먹을게요수고 하세요 감사합니다,1
62,썩은것들 있고 겉은 멀쩡한데 속이 시커멓게 상한것들있고 어휴어무이가 이미 먹어서 반품못하네요,0
63,진짜 꿀고구마고 딱한입이구 받아보니 박스두튼실해서 킬로 안전하게 잘 배송받아 기분좋앗슴니다,1
64,제품 깨끗  포장  좋음     먹어보지 않아 맛은 모르겠어요손톱보다 조금 큰것들이  있어요,1
65,포장도깔끔하고 고구마도좋아요한입싸이즈이긴하나너무저렴해서황송할따름입니다감사합니다,1
66,아직 먹어보진 않았지만 크기도 적당하고 상태 깨끗 배송 아주 빠릅니다,1
67,그리고 진짜 맛없어요꿀고구마가 아니고 텁텁한 밤고구마 같아요작아도 꿀고구마였으면 좋았을건데아쉽네요,0
68,한잎 크기라 먹기도 편해요처음에는 단맛이 덜한것 같은데먹어보니까 단맛이 나네요잘 먹을게요,1
69,작은상자에 왔는데 귀욘샤쥬고구마 많이 들었네요 맛있게 즐감중요 헌양면후라이팬 군고구마 짱좋아요,1
70,고구마 상태도 좋고 맛도 괜찬네요가격도 착하고 만족합나다,1
71,가격 너무 싸고 별 기대안했는데 고구마도 맛있네요좀 썩은 부분이 있어서 별 네개입니다,0
72,유튜브  쌔똥  회 군고구마 먹방영상 후기가 있어요한입 크기 산거에요,1
73,고구마  재주문했어요  너무  맛있고  생으로  껍질째  먹으니  과일이나  밤보다  맛있네요,1
74,언니 보내줘서 맛있다길래 엄마도 보내드렸는데 워낙에 까탈스런 분이라 썩 맘에 들어하진 않으시네요에휴,0
75,크기도 알맞아 실속있는 상품에 저렴한 가격이라 만족합니다,1
76,작아도 너무 작고 맛을 봤는데 너무 맛 없고아래보니 썩은것도 많아요처음 사보는데 너무하시네요,0
77,좋아하는 한입소 구워서  식으니까  맛있네요하나집어 한입넣으면  다시 손이가는  마약고구마,1
78,한입에 속속 들어와 먹기 편 하고맛은 달콤하고 식감은 부드럽워요김치 한점과 같이 먹어요,1
79,전 고구마 안 씻은 고구마 인줄 알고 주문 했는데 씻은 고구마 이네요그래서 별로 이에요,0
80,배송도 무지 빨랐고고구마 색깔이 선명하니삶아먹으니 달콤달콤 넘 맛있어요,1
81,가격도저렴하고상태모두좋습니다맛도 밤고구마 감사합니다,1
82,맛있네요 사이즈는 아기들이 먹기 좋은 한입 성인은 사이즈 크게 하세요,1
83,작지만 자꾸 손이가는 맛완전 꿀은 아니지만막을만해요모양도 상태양호하고요,1
84,고구마가 아주 맛있어 보입니다아직 먹기전이나 모양이나 신선도가 마음에 듭니다,1
85,꿀고구마인줄 알았는데 맹탕이에요호박고구마도 아니고 밤고구마도 아닌밍밍한 고구마입니다,0
86,상한 것도 없고 신선하네요 구워서 먹었는데 엄청 달아요 대만족입니다 ,1
87,배송은 빨랐어요작긴 작아요고구마 상자 겉엔 없더니 속에 저런것이ㅜ깡짝 놀랐네요,0
88,배송빠르고 저렴하게 잘 샀어요고구마가 달고 맛있어요 잘 먹겠습니다,1
89,고구마 잘 받았어요 세척되어 있어서 편하네요 잘 먹을게요 많이 파세요,1
90,고구마가 에어풀라이어에 구워먹기딱좋은 사이즈에 요 맛있어 보이네요 감사합니다,1
91,언것두 있지만 맛나것이 더 많아서 저는 만족합니다잘 먹겠습니다ㅡㅡㅡ,1
92,한입고구마  보다 크고 맛있네요  가격대비   만족합니다,1
93,가격이 저렴해서 크게 기대하지 않았는데 맛있네요바로 재주문합니다,1
94,상품은 잘 받았어요나도 시키고내 손주도 시켜 주고머 그냥 먹을 만 해요,1
95,작아도너무작아서구우니쪼글쪼글볼품 없어요 혼자먹긴좋으나 누구줏녀니 완전 맛없어보여 못줘요,0
96,작지만 맛도 괜찮고 좋은데꿀고구마가 아니라 밤고구마에요 ㅠㅠ너무 퍽퍽해요,0
97,증말 맛있습니다크기는 조금 작은데 빨리 익어서 조리시간이 짧아요,1
98,꿀고구마 크기도 적당하고맛도 달콤하고애들 간식으로 최고입니다,1
99,빠른 배송 감사요 숙성 후 먹으려고 기다리느라 아직 시식 전입니다 맛있겠죠ㅋㅋㅋ,1
100,맛있길 기대합니다 자취생이라 저렴하고 사이즈 작아서 구입했어요,1
101,잘 받았습니다좋은고구마 보내주셔서 감사합니다지금 찌고있습니다맛나면 또뵈요,1
102,가격 보통 배송 보통 맛 보통하지만 당시에는 판매가 최저라구매,0
103,겉면은 많이 마른것 같은데 쪄서 먹으니 그런대로 가격이 넘 착해서 굿,1
104,작아도 너무 작아요상품성 제로 아닌가요너무 하시네요비교샷 올립니다,0
105,생각보다 작지만상태는 좋고 만족합니다고맙습니다,1
106,한입이라곤 하지만 너무 작아요그것빼곤 상태 맛 다 좋아요,0
107,와진짜 전부한입 크기로 쥐알만한 것으로 한박스 가득 ㅋㅋㅋ,1
108,받자마자 에어프라이어 직행작아서 달고 먹기 더 편하고 배송도 아주 빠름,1
109,고구마가 잘아서 삶기 위해 닦는 게 힘들지만 적당히 달아서 먹기엔 좋습니다,1
110,조금 작아요부서지고 상한것도 있는데 가격대비 만족합니다,1
111,언니보내주고 맛이 괜찮아서 엄마꺼 제꺼 또 시켰어요제 껀 아직 시식전이에요,1
112,고구마가 작지만 생각외로 달고 맛있습니다다 먹고 나면 재구입 예정입니다,1
113,보낼때는 멀쩡했을듯합니다 오면서 깨져버린듯해요먹어보고 맛있면 재구매할게요,0
114,먼저는 크기가 괜찮았는데 이번은 크기가 좀 작군요,0
115,진짜 한입싸이즈네요 맛은 아직이라 저녁에 구워먹어볼께요 감사,1
116,상품평보고 작은줄 알았지만 진짜 작네요그래도 에어프라이기에 돌리니 맛있어요,1
117,상태도 너무 좋고 가격대비 만족입니다,1
118,달긴 달고 맛있는데 심지가 많아요 가끔 썩은 맛 나는 거 있어요,0
119,딱 한잎 사이즈긴해요근데 심박힌것도 없는거 같고 맛있어요,1
120,진짜 한입싸이즈가 왔녜요조금만 크면 좋을듯 싶네요 ㅠㅠㅠ맛은 좋아요,1
121,고구마 깨끗하고 한입 먹기에 딱이네요바로 쪘는데 맛도 좋고,1
122,한입고구마가 아니라 반입고구마네요ㅠㅠ이렇게 작은고구마는 첨 봤어요ㅠ,0
123,먼저거랑 같이 맛난거겠죠  코로나 로 맛있게 먹고 두번짼데  감사합니다,1
124,배송 빨라요  근데  고구마 사이즈가  너무작아요별두개  뺄께요,0
125,고구마같은 고구마를 판시지요성숙도 안된걸 상품이라고  판매하고 있네요,0
126,상태는 좋은데 작긴 너무 작네요 골프공,0
127,깨끗하고 달아요농부의마음울 느끼며 감사히먹고있어요 싸게사기까지,1
128,단맛은좀 부족하지만 저렴하니까 ㅠㅠㅠ 신선한걸루 잘 도착햇어요,1
129,상품 배송 만족합니다 양두많구 달구간식으로 좋습니다,1
130,돌려서 군고구마 만들어먹었어요 밤고구마 호박구고마 섞은듯한 맛이예요,1
131,크기는 정말 작은데 맛있고 상태가 좋아요,1
132,사이즈는  한입크기라  작지만  맛은  괘안아요,1
133,맛있고 좋아요 가격대비 매우 만족합니다ㅣ,1
134,보내주신 자그마한 꿀고구마 잘 받았습니다 맛있게 잘 먹을게요,1
135,정말가격대비 최고입니다 다먹으면 또 주문하겠습니다,1
136,저장기간이 오래돼서 그런지 맛이 별로예요싼게 비지떡 실망이예요 ㅠㅠ,0
137,고구마가 깨끗하고 작아도 껍질이 얇고 맛이 아주 좋습니다,1
138,에어프라이어에 구우니까 한입크기에 넘 맛있어요,1
139,찐 맛있어요삶아놓고 냉장고 들어갔다 나와도 맛있네요감사합니다,1
140,좋은것만넣어 보내주셔서 진심으로 감사드립니다정말 맛나네요,1
141,크거가 조금 작네요그래서 별하나 뺏어요맛은 개안습니다,1
142,썩은게 몇개 있네요 포장할때 검수 좀더 신경써 주심 좋겠어요,0
143,한입이지만 끝손가락만한거는 쫌 거기다가 썩어서 문드러진게 개나,0
144,가격대비 실망 사진보고 구입했다가 속은기분이네요,0
145,만족합니다 배송도 빠르고 잘 받았습니다,1
146,아직 안먹어봐서 모르겟구요사이즈는 정말 한입이네요 ㅋ,1
147,우리 딸들이 고구마를 잘 받았다고합니다감사합니다수고했어요,1
148,다행히 잘받았어요고구마를 워낙좋아해서오븐에 다구워봐야 겠어요,1
149,아직 시식전ㅎ아이들도울강쥐도 잘먹어방학간식으로 주문,1
150,가늘고 길어요 사진보다 좀 작지만 맛 괜찮고가성비 좋네요,1
151,맛이 좋고 깨긋해서 좋은데 크기가 너무 작군요,1
152,받자마자 구는데 달고 맛있어요간혹 이상한 맛도 잇지만요,1
153,상태양호하고 맛도 답니다금방 다 먹겠네요,1
154,완전 맛나요 가격대비 대만족입니다,1
155,역시 빠른배송 과 달콤하고 맛있는 고구마 잘 먹겠습니다,1
156,어머 너무맛있어요 애기 먹이려고 일부러 작은거 샀어요,1
157,작긴 정말작군요 이렇게 작을줄은 몰랏어요 껍질째 먹어야겠어요,0
158,빨리   삶아서   먹어야 지 상태양호,1
159,상태는 나쁘지 않지만호박고구마 맛이 밍밍해요,0
160,딸들이 고구마를 잘 받았다고하네요감사합니다수고했습니다,1
161,가격대비 맛있네요 다먹고 또 주문해야되겠네요,1
162,가격 착합니다오래두지말구 빨리드세요 번째구매,1
163,저렴하고도 크기도 꼭 마음에 드는군요,1
164,고구마 조그마한 거 쪄먹기 좋아요 밤고구마 맛있어요,1
165,작아도 넘  작은 것들이 많이섞였네요 맛은 괜찮습니다,0
166,작지만 맛있어요 에어프라이 돌릴때 물에 씻어서 구었어요,1
167,가격대비 좋아요ㅎㅎㅎ 진짜 한입고구마예요ㅎㅎ,1
168,크기가큰사인펜크기예요너무한것같아요,0
169,세척해서 와서 넘 좋아요 꿀고구마 맞고요 추천,1
170,상태좋고 배송도 빠릅니다 맛도 있겠죠,1
171,크기는 작지만 맛은 커요두번째 구입입니다,1
172,연휴로 배송이 늦었지만 양도 많고 맛있네요잘 먹을게요,1
173,작긴하지만 이가격에 이맛에  양도많고감사합니다,1
174,너무심하네요   반이상 썩었어요  잘라내서 먹어야될듯,0
175,고구마 생김새가 좋아요 아직 맛보기전 잘먹겠습니다,1
176,생각보다  작아서 웃음이 나오네요  맛은  달앗음합니다,0
177,저렴하고 적당한크기 맛있습니다,1
178,만족합니다감사히잘먹겠습니다,1
179,고구마 크기도 괜찮고 달고 맛있네요,1
180,고구마 잘 받았어요 밤 고구마 맛은 있어요 작은데요,1
181,언니 집에 보내줬는데 달아요만족합니다,1
182,상태가 ㅠㅠ썩은 게좀 있어요맛은 좋음,0
183,썩은게 있고 안에 고구마가 젖어있어요생각보다 잘어요,0
184,딱 한입 크기로 맛도 좋아요 감사합니다,1
185,호박고구마가 아니네요 밤고구왔어요맛은 괜찮아요,0
186,크기가 작았지만 맛은 진짜 좋아요 강추,1
187,길쭉하게 생겨서 하나씩 구워 먹거나 쪄 먹으면 좋아요,1
188,애들이 좋아함빨리도착 배송 빠르고 좋아요,1
189,크기도 가격도 배송도 좋네요,1
190,고구마 크기는 넘 작지만 맛은 있어요,1
191,한입사이즈가 좋더라구요 달고 맛있어요,1
192,맛은 아주 굿 크기가 아주 작음,1
193,저렴한 가격에 잘 구입했습니다 ,1
194,찬미 예수님 감사합니다 고구마 아주 좋아요,1
195,크기도 적당하고 좋아요 많이 파세요,1
196,찬미 예수님 감사합니다 고구마가 아주 좋아요,1
197,밤고구마이군요  얼려서 그냥까먹어두  맛있네요,1
198,가성비가 좋아요가성비가 좋아요,1
199,썩은것 없이 깨끗하고 달고 맛있습니다,1
200,정말 작은 사이즈쪄서 먹으니 맛은좋으네요,1
201,좀 자잘하지만괜찮아요다이어트식으로 먹을거라서요,1
202,씻어서 깨끗한데맛은 보통달달하빈다,1
203,싱싱하고 좋아요 구워먹었는데 맛있어요,1
204,몇개 무른것 빼고는 상태양호,1
205,한입크기싱싱가격저렴,1
206,저렴한 가격에 잘 구입했습니다,1
207,저렴하게 잘 구매했어요 맛있네요,1
208,배송도 빠르고 한입고구마그저 그래요,1
209,우와 작은데 완전달고 맛있어서 정말 감사합니다,1
210,이번엔 상한것이 많아요 지난번엔 아주 좋았는데,0
211,작지만 맛있게 먹었습니다담에 또 구매할께요,1
212,사진 크기 보단 작지만 맛은 좋아요,1
213,아직은 덜 달지만 주일 숙성시키면 맛날것같아요,1
214,귀여운 사이즈에 양도 넉넉하고 좋아요,1
215,저렴하게 잘샀어요 좋아요너무 맛있어요,1
216,가격 대비 만족합니다,1
217,상태 좋고 맛있게 먹었어요,1
218,이번에는 싱싱하지 않고 말랐단 느낌이네요,0
219,만족합니다만족합니다,1
220,빠른배송 과 맛있는 고구마 잘 먹겠습니다,1
221,먹기 딱 좋은 사이즈고 맛도 좋아요,1
222,크기도 적당 달고 맛있어요,1
223,딱 한입 크기이지만맛은 있어요,1
224,삶는것보다 에어프라이기 굽기가 굿맛나요,1
225,크기도 적당하고 상한것도 없어요,1
226,고구마 작지만 맛나게 잘 먹었어요 좋아요,1
227,고구마 넘 맛있어요  세번짼데 감사합니다,1
228,저렴하게 잘 구매했습니다 너무 작아요,0
229,먹어보니 달콤하며 맛있어 재구매할 예정임,1
230,잘아서 그렇치 맛은 좋아여 가성비가 좋차나요,1
231,엄청 달아요매우 만족합니다,1
232,받은지 며칠되지않았는데 썩은것들이 꽤나오오네요,0
233,누가 사고 싶겠습니까 쓰레기 보내주셨네요,0
234,저렴하게  잘  샀어요 많이 파세요,1
235,상태는 정말 좋아요 맛은 그냥,1
236,좋은상품 저렴하게 잘 구입했습니다,1
237,가격 저렴하고 맛도 있네요,1
238,시식전입니다  한입크기 좋아요,1
239,크기도 적당하고 맛있습니다,1
240,가늘고  길지만  맛나요 추천합니다,1
241,빠른배송 크기는 한입 달아요,1
242,저렴하게 잘 산것같아요 좋아요 ㅎㅎ,1
243,진짜 한입이네요그래도 맛은 좋아요,1
244,저렴하고 맛있습니다감사합니다,1
245,지난번에 맛있게 먹어서 재구매 했어요,1
246,맛있어요 달고  상한거 없이 좋아요,1
247,작지만 달고 맛있어요잘 받았습니다,1
248,가장저렴 칼배송 추가구매예정칼배송,1
249,작지만 괜찮아요  쪄서  먹어야  할듯,1
250,한입 고구마 빠른 배송 감사합니다,1
252,크기는 작지만 맛있습니다,1
253,빠른배송 맛은 괜찮은데 작긴 작네요,1
254,고구마가그다지 싱싱하지 안았요,0
255,재구매 햇는데 열어보니 알알이 좋으네요,1
256,고구마 맛있어요 잘 먹고 있습니다,1
257,재구맨데 구워서 맛있게 먹고있어요,1
258,사이즈도먹기좋아요맛은보통이에요,1
259,저렴하게 잘 샀어요 맛도 좋아요,1
260,작지만 싱싱하고 좋아서 강추,1
261,아직 먹기 전인데 맛있길 기대합니다,1
262,잘 받았습니다 만족합니다,1
263,배송도 빠르고 잘 먹겠습니다,1
264,고구마 신선하고 달고 맛있어요,1
265,이번에도 역시나 맛있게 먹었습니다,1
266,꿀 아니고 그냥 고구마 입니다,0
267,맛나게 먹을게요 맛났으면 좋겠네요,1
268,크기도 적당하고 좋네요,1
269,심줄 줄기가 좀  있네요 맛은있어요,0
270,맛나요크기도 원한대로 왔어요,1
271,배송이 빠르고 맛이 좋아요,1
272,곯았고 상태가 안좋아요,0
273,착한 가격에 그냥 먹어요,0
274,호박고구마가 아니고 밤고구마네요,0
275,양도 많고  신선하고마음에 들어요,1
276,맛나게 생겼습니다 잘 먹을게요,1
277,물기가 없고 단맛도 프로 부족한 듯,0
278,계속 주문하고  있어요  맛있어요,1
279,좋아요 씻어 나온고구마 굿 추천,1
280,만족합니다 훌륭합니다,1
281,맛이 좋고 한입고구마 잘먹겠습니다,1
284,빠른배송 과 넉넉한 양 잘 먹을께요,1
285,썩은게 있어서  골라 먹기  힘드네여,0
286,아직은 먹기전인데 모양이 이쁘네요,1
287,지난번 것과는 품종이 다른것 같아요,0
288,ㅋㅋ 엄지 손꾸락만한것이맛은 좋네요,1
289,좋은상품 저렴하게 구입했어요,1
290,맛있을거 같아요 잘 먹을게요,1
291,좋은 고구마 보내주셔서 감사합니다,1
292,좋는 고구마 보내주셔서 감사합니다,1
293,배송 빠르고 맘에 듬니다,1
294,배송빠르고 잘받았습니다,1
295,살짝 마른 감이 있어도 맛있네요,1
296,맛있어서 두번째 시킴 굿 달아요,1
297,맛있어요좋아요너무작아요ㅎㅎ,1
298,아이들 한입이라고 광고 해주세요,0
299,달고 맛있어요 가성비 짱,1
300,손가락 굵기여서 먹기 다소 불편,0
301,달달하게 맛나게 잘 먹었습니다,1
302,넘 맛있어요 강추입니다,1
303,고구마도 좋은게 왔고달아요,1
304,맛은 밍밍하고 심이 많다고 하네요,0
305,맛있네요 다음에 또 주문합니다,1
306,꿀호박고구마 좋아보이네요  ,1
307,찬미 예수님 고구마 좋아요,1
308,작지만 넘 맛나요재구매할께요,1
309,심지가 좀 있네요 잘 먹겠습니다,1
310,심이 많고 단맛이 하나도 없어요,0
311,고구마 맛있어요 잘먹을게요,1
312,좋아요 저렴하게 잘샀어요,1
313,아직먹기전이에요맛있게먹을게요,1
314,모양은  괜챦은데  무미합니다,0
315,배송도 빠르고 좋아요,1
316,고구마가 싱싱 하네요,1
317,잘받았습니다 맛나게 먹을께요,1
318,고구마가  달고 맛있어요,1
319,매우 맛나게 잘 먹었습니다,1
320,정말 맛있게 잘먹고 있어요,1
321,너무작지만 맛은조아요,0
322,저렴하게 구입 했읍니다,1
323,크기가 너무 잘다,0
324,달고길쭉하니좋아요맛나요,1
325,길고 잔잔하지만 먹을만 해요,1
326,아주 맛있게 잘먹고있어요,1
327,고구마가 너무 맛있어요,1
328,고구마 맛있어요,1
329,너무 작아요 반입입니다 ㅠㅠ,0
330,우ㅡ와 넘좋고 맛있어요,1
331,사이즈 너무 작아요,0
332,아주맛있어요아주맘에들어요,1
333,조금은 아쉽다 조금만 컸으면,0
334,만족입니다,1
335,만족합니다,1
336,맛있음 또 구매할게요,1
337,맛있습니다 잘먹겠습니다,1
338,작고 귀엽네요 먹기 편해요,1
339,맛나요작긴하지만요,1
340,싱싱해요 감사합니다,1
341,싱싱하게잘도착했어요,1
342,꿀고구마 맛있어요,1
343,고맙습니다 잘 부탁드립니다,1
344,양도 많고 달고 맛나요,1
345,잘 포장되서 왔어요,1
346,배송이 빠르네요,1
347,너무너무 조그만한 고구마,0
348,맛나서 선물로 드렸어요,1
352,맛좋아요강추,1
354,맛있게 잘 먹었읍니다,1
359,작긴한데 정말맛있네요,1
361,작고 귀엽네요잘먹었습니다,1
362,좋아요 박스 주문했어요,1
365,맛이 뛰어나고 놀라워요,1
366,작아요그래도 맛나요,1
367,심도많고너무작고맛없어요,0
368,달긴 한데 너무 팍세요,0
369,작지만 넘 맛있어요,1
370,달고 맛있어요,1
371,정말 달고 맛있어요,1
372,이번은 괜찮네요 굿,1
373,고구마 잘먹어요,1
374,선물한것인데 좋답니다,1
375,작지만맛있는고구마,1
376,맛있고 요러번구매중,1
377,가격대비비좋아요,1
379,맛있게잘먹었습니다,1
380,좋아요  맛있구요,1
381,달달하니 맛있어요,1
382,고구마가너무작아요,0
383,작지만 맛있어요,1
384,삶아서 냉동저장해요,1
385,고구마 맛있네요,1
386,고구마 양 많아요,1
387,좋은품질,1
388,빠른 배송 고맙습니다,1
389,맛나고 좋아요,1
390,맛있어요,1
391,꿀촉촉 맛있어요,1
392,맛있게먹고있어요,1
393,아주맛나요,1
394,좀 아쉽네요 ,0
396,타박타박 밤고구마,0
397,너무  작음,0
398,좋아요 조아요,1
399,달고 맛있네요,1
400,빠른배송 맛은보통,1
401,가성비 잇네요,1
402,맛있을것같아요,1
403,너무작고진짜맛없음,0
404,좋아요 맛나요,1
405,딱 한입ㅋ맛잇엉,1
406,가성비 좋아요,1
407,맛있습니다,1
409,고구마가얼어음,0
410,나름 괜찮아요,0
411,오늘은 별로네요,0
413,지송 구매해서,1
414,너무조아요,1
421,나무조아요,1
428,조아요,1
434,아주조아요,1
435,너무귀엽네요,1
436,강추입니다,1
437,너무조어요,1
439,고맙습니다,1
440,양호,1
441,맛있네요,1
443,보통이에요,0
445,꿀고구마,1
446,최고에요,1
447,맛나요,1
450,보통,0
452,잘 받았습니다,0
453,잘 먹었습니다,1
454,좋아요좋아요 좋아요좋아요,0
455,상품평보구주문합니다 상품평보구주문합니다 상품평보구주문합니다,1
456,굿,1
458,진짜 알 작네요 맛은 있습니다,0
459,아주 작지만 먹을만합니다 상하지 않고 배송완료,1
460,잘받았습니다 감사합니다,0
462,아주 좋아요 ㅎ ㅎ,1
464,작긴하지만 맛은  좋아요,1
467,좋네요,1
468,ㄱㄱㄱ,0
469,빠른 배송 감사합니다,1
470,잘 먹겠습니다,1
471,잘 받았습니다 감사합니다,0
472,좋아요,1
473,감사합니다,0
474, ,0
475,쪼매하지만잘먹겠습니다,1
476,좋아요 좋아요 좋아요,0
477,썩은것은 없네요 맛은 먹어보지 않아서  모르겠어요 ,1
478,좋습니다,1
479,좋아요ㅛㅛㅛ,1
480,받아보니 작지도 않고 넘 좋아요,1
481,잘받았어요잘받았어요잘받았어요잘받았어요,0
484,겉으로 보기엔 좋아요 맛도 좋길,1
485,잘받았습니다,0
487,배송빠릅니다 물건잘받앗어요,1
488,상한거 없이 잘 도착했어요,1
491,ㅅㄴ,0
492,아주 좋습니다,1
494,아주좋아요,1
495,맘 에들어요,1
496,맘에들어요,1
499,맘에 들어요,1
500,,0
501,잘받았어요 ,1
502,잘 받았어요 ,1
504,빠른배송 감사해요몇개는 썩으려고 해서 빨리 먹어야 되겠어요,1
506,잘받았읍니다,1
507,많이 작아요 맛은 좋네요,0
509,잘 먹을깨유,1
511,감사합니다 감사합니다 감사합니다,0
512,많이 파세요,0
517,그냥그래요상한건없어요,0
518,너무 좋은 제품으로 보내주셔서 감사합니다,1
523,완전 꿀이에요 꿀,1
524,상품을 잘 받았습니다 감사합니다 사업번창하세요,1
525,너무  작아요,0
526,작아서 딱좋아요,1
527,반품완료,0
530,잘먹겠습니다,1
531,잘먹었어오,1
537,구워먹으면,1
539,ㄱ,0
540,넘 작네요ㅎ,0
542,조금 작아요,0
543,생각보다 너무 작아요 너무 실망했어요,0
544,잘 받았어요    잘 받았어요,1
545,이번에도 잘먹겠어요,1
548,달달하빈다아주 달아요,1
549,별로안다네,0
550,상한것도있어요요요요요요요요,0
551,갠찬슴다,1
552,잘먹겠슴다,1
553,재구매할듯,1
554,삶아서 먹고있는데 괜찬,1
557,ㄳ,1
559,잘받았습니다잘받습니다,0
562,상품굿,1
563,오늘 구입한 고구마   를 즉시 먹어 보니 촉감이 아주 좋고 질도 좋았다특히 이렇게 고구마   를 싼 가격에 판매한다는 점에서 아주 높은 점수를 줄 수 있었다매일 고구마   를  이용해서 아침 저녁으로 맛있게 먹을  예정입다                                                                                이렇게 고구마   를  판매해 주신 판매자에게 깊은 감사를 드린다,1
564,벌써 여러번 시켜 먹습니다,1
566,먹어 보진 않았지만 잘 받았습니다,1
567,빠른 배송과 좋은 상품 감사합니다   ,1
568,좋아요 ㅎㅎㅎ,1
576,뚱이 주러고 넘 좋아요 ,1
579,좋아보여요,1
580,오늘 구입한 고구마   달콤한 년산 꿀 고구마   한입소를 즉시 먹어 보니 촉감이 아주 좋고 질도 좋았다특히 이렇게 고구마   달콤한 년산 꿀 고구마   한입소 싼 가격에 판매한다는 점에서 아주 높은 점수를 줄 수 있었다매일 고구마   달콤한 년산 꿀 고구마   한입소  이용해서 아침 저녁으로 맛있게 먹을  예정입니다                                                                                이렇게 고구마   달콤한 년산 꿀 고구마   한입소  판매해 주신 판매자에게 깊은 감사를 드린다,1
583,작아도 맛 있어요,1
585,역시 재구매 하길 잘 했어요,1
587,지금삶고 있어요  맛이 좋은거같은데요감사합니다,1
591,달아요,0
595,배송을 다른분께 바로 드렸습니다 좋다고하시네요,1
598,별로,0
599,좋습니다 감사합니다,1
600,싱싱해보이네요 그치만 이번에는 작아도 너무 작네요,0
601,아직 먹지 않음,1
602,상한것없이 왔네요좋아요,1
603,잘먹을게요,1
604,감사합니다 수고가 많으십니다 복많이 받으셔요 화이팅,1
605,잘받았습니다  잘먹겠습니다,1
606,좋아요 좋아요 좋아요 ㅎㅎ 맛있어요,1
607,작은건 좋은데 심 있는게 좀 있어요,0
609,작지만 달아요,1
611,잘아도 너무 잘아요 맛은 먹을만 합니다너무 작아서 다음엔 안살듯해요,0
615,받아서 확인해보니 생각외로 찮을것 같습니다,1
616,자꾸 썩은게 나오네요,0
619,작아도 넘 작아요,0
620,생각보다 작지 않아요,1
621,좋아요 좋아요 좋아요 좋아요,0
623,잘받았습니다 배송좀 느린것만빼면,0
624,재구매인데 이번에는 상해서 무른 것이 열 개 정도 되네요,0
625,굿 감사합니다,1
627,조아요 조아요 조아요,1
628,잘받았습니다 잘받았습니다,0
629,좋아요     좋아요,0
630,조금덜단것 같아요,0
632,먹을만 하네요 ,1
633,먹을만해요,1
634,맛 있어요,1
635,주문해서 받았는데좋아요,1
636,잘먹을께요,1
638,키로 너무 많네요 ㅎㅎ,1
639,ㄴㄷㅂ,0
640,매우좋아요,1
641,달고 좋으네요  잘 먹겟ㅅ브니다,1
644,추천합니다 추천합니다 추천합니다,1
645,제품이 맘에 들어요 ,1
650,잘받았음니디,1
651,잘아도 너무잘아으 ,1
652,잘 도착했습니다잘 먹겠습니다,1
653,너무 작어요,0
654,잘받았습니다너무작아서 ,0
655,작아도 너무 작다  썩은 것도 있음,0
657,빠른배송 감사합니다,1
659,작고 썩은게너무많네요,0
660,잘먹게습니다,1
663,아주 좋아요,1
665,잘 도착했어요 작아도 먹을만함,1
667,좋아요 잘 먹겠습니다,1
668,달아보여서 구매했습니다,1
673,집에보냈는데 좋아하시네용,1
675,도착하자마자 말리는중,1
678,맛은 없내요,0
679,잘 먹고 있습니다 감사합니다,1
683,조아여,1
684,다음에도 꼭 주문할께요 잘 먹고있어요,1
686,최저가격,0
688,이번에는 썩은게 너무 많아서 ,0
697,작지만맛있어요,1
698,그양 그래요,0
699,좋아요 잘쓸께요 좋아요 좋아요잘쓸께요,1
705,빠른 배송 잘 받았습니다,1
709,잘 먹을께요 수고하세요,1
711,도착,0
714,감사합니다 ㅎㅎ 네 ㅋ ㅋㅋ ㅋ ㅋㅋ ㅋㅋㅋ,1
715,빠른배송 좋은물건 감사합니다 많이파세요,1
716,넘좋아요,1
717,달달합니다,1
719,빠른배송감사합니다 굿,1
722,갠찬아요,1
723,잘 받았습니다감사합니다,1
725,감사합니다 잘먹겠습니다,1
730,빨리 무르네요 ㅠㅠ,0
734,잘 받았어요,1
735,빠른 배송 감사해요,1
736,마음에 들어요,1
737,배송 상품 아주 아주 좋아요,1
741,ㅈ,0
742,좋아요좋아요좋아 좋아요좋아요좋아,0
743,기대 이상으로 달고 맛있어요,1
745,여러번 구매했는데 이번 것이 제일 좋아요,1
746,잘 받았습니다 감사합니다 ,0
747,감사합니다 번창하세요,1
751,잘 먹었어요,1
752, 택배 배송은 금욜에 주문해서 화요일에 받았어요  택배 물건 개나 왔는데 엄청 무거웠을것 같아요 기름도 있었는뎅 택배기사님들 수고가 많네요 한입크기는 아기고구마고구마를 처음사봐서 분명 크기 비교 있었는데 요렇게 엄청 작은지 전혀 몰랐어요  박스가 작다해서 이상하다고 생각했는데 아기고구마였어요 ㅋㅋㅋㅋ 밤고구마 맛사진에는 막 맛있어 보이지 않았는데 먹어보니 맛있네요  평상시 먹던 일반 고구마 같았어요  비싸지만 맛있는것 산것 같아요   어머니께서 그냥 주실땐 요렇게 비싼지 전혀 몰랐는데 고구마 되게 비싸네요  보관방법한입크기는 큰것보다 수분이 금방 빠져 빨리 먹어야 되더라고요  길쭉한게 더 빨리 말라서 통통한 것보다 그것부터 먹어야해요 겨울철 개월  신문지로 위를 막아놔야 수분증발을 막고 추운 배란다보다는 방에다 보관해야해요  저는 한달내 먹을거지만 만약 오랫동안 먹을거면 작은건 금방 먹는게좋을거예요,0
753,난 분명 키로를 시켰는데 작은 박스가 문앞에 놓여있길래 읭 했다 보니까 키로 전화했더니 사진찍어 보내라해서 사진찍어보냈더니 키로 밤으로 보내준다고  근데 또 해당 상품이 품절이라면서 다른 생산자 제품으로 키로 보내준다고 ㅋㅋㅋㅋㅋㅋㅋㅋ 근데 생각해보니 내가 분명 밤으로 시켰는데 당연히 밤으로 보내줘야되는거 아닌가 대박키로 온게 밤이 아니었다 분명 색이 누런게 이건 호박이지 ㅋㅋㅋㅋㅋㅋㅋㅋㅋㅋㅋ 아 그냥 먹어야겠다 싶었다 그리고 키로가 왔는데 이게 왠걸 작아도 너무 작네 다이어트 용으로 산거긴 하지만 물건도 첨부터 제대로 안오고 제품도 다르고 사이즈는 작아도 너무 작고 처음 온건 곰팡이까지 핀게 있네 재배송 제품까지 배달이 늦었으면 더 열받았겠지만 빨리 왔으니 그냥 그러려니 해야겠다 ,0
754,번째 구매입니다 고구마 정말 맛있어서  계속 사게 되네요이벌에는 박스를 동시에 시켰죠  소진기간이  제법 빨리 만족 대만족 하며 열심히 먹었드랬죠근데 박스 시킨게 문제였을까요 두박스중 한박스가 아랫쪽 반은 다 곰팡이에 썩어 있네요거기다 사이즈 특상 시켰는데 위쪽만 큰거고 아랫쪽은 사이즈가 작은거네요 썩은거보다 사이즈 작은게 더 기분 나쁘네요보관상 문제 없었는데 이미 오래된 고구마였나요 다 물렁물렁 사진찍어둘껄 바로 정리해버리는 바람에 썩은거는 찍지도 못했네요 사이즈 작다는것만 급하게 사진 찍습니다 참고로 제 손은 여자중에서도 작은 손입니다가격이 계속 올라 다른 날보다 비싸게 주고 샀는데 상태는 더 별루라서 좀 실망입니다 여기 고구마 여기서 끝내렵니다,0
755,상태좋음한입크기며에어프라이어에 도에분 구우면 완전 맛있고요저는 고구마를 워낙좋아하여하루한끼정도는 주식으로 먹기에 킬로를 이가격에 득템하여후회없이 꿀고구마 완전맛있게 잘먹고있어요다시 재구매할생각입니다받자마자 깨끗하고 썩은것없이 너무좋아 사진찍는단건 잊었네요가족들도 너무맛있다고 다들좋아합니다일밖에 안되었는데 반쯤 줄어 다시재구매 하려구요되도록이면 귀찮아서 상품평 안쓰는데이번엔 널리 알리고자 남기고 갑니다판매자님 착한가격에 맛난고구마 구입하게 해주셔서 감사합니다,1
756,상품평 쓰기도 전에 거의 다 먹어버려서 사진 찍어놓으니까 좀 민망하네요요즘 거의 아침식사를 고구마로 해결하고 있어서 금방 다 먹어버렸어요일단 시험적으로 짜리 구입했는데 얼마전에 짜리 다시 주문했어요아마 세척하지 않은 상품이라 다른 데보다 가격이 저렴한 것 같은데저는 흙 좀 묻어있어도 상관 없이 씻어서 바로 삶아먹고 있거든요또 크기가 자잘한게 저한테는 더 좋은 것 같아요단면이 노출되면 맛이 없어지는데 이건 그렇지 않은데다 먹는 양을 조절할 수 있거든요하여간 올 겨울은 고구마로 정했어요 맛있어서 좋네요,0
757,작은건 이해합니다 더작아도 이해합니다 몸에 많은털도 이해합니다 싱싱하고 좋아보이내요기분좋게 몸에난 털다뜯고 깨끗히 씻어서 냄비에 쩟다 냄새좋코다익엇다 껍질깟다 뭔가이상하다 씹엇다 먹을살 반 못먹을 심지 반ㅡㅡ다른녀석잡고 깟다 씹엇다 똑같다ㅜㅜ또 깟다 또똑같다ㅠㅠ생산자가 충청도다 ㅠㅠ그것도 특이란다ㅠㅠ 옛말이 맞나 충청도ㅇㅇㅇ충청도에선 이게특이다 고구마 마니시켜먹지만 이집이최악 먹는음식이니깐 먹을수잇는걸팔아,1
758,제품 중량이 생각보다 가벼워 저울에 달았더니 짜리 개가  조금 넘네요 수산물 품질관리 시행규칙 및 농산물 표준규격에 따르면 자연상태 식품의 중량은 포장에 사용되는 각종 용기 등의 무게를 제외한 내용물의 무게 또는 개수로 표시해야 합니다박스 무게만  이 넘네요,0
759,사진까지 찍어가며 상품평을 써본적이 없는데 혹시 시키시는 분들 참고 하라고 ㅆㅓ요상품평에 좀 크다해서 시켯는데이거는 뭐 길이도 제일길어야 손바닥 두께는 엄지손보다 조금 두껍네요 깍으면 먹을것도 하나 없겠는데 아무리 한입이지만  이건 너무 한거 같네요그냥 한박스가 다 저래요 작은박스에 저만큼들어있습니다 양은 많으나 삶으니 작아져 아예 먹을수가 없네요,0
760,기온이 갑자기 떨어져 배송 중 냉해 걱정했는데 다행히도 그나마 덜 추운 수요일 오후에 잘 받았습니다 하루만 더 늦었더라면 배송창고에서 아마 얼었다가 녹았다가 하면서 다 상했을 뻔 했는데 배송이 아슬아슬하게 잘 되었네요 이 가격에 이 정도 고구마면 가성비 좋네요 이번 주 잘 먹고 다음주에 날씨 좀 풀리면 다시 주문하겠습니다 판매자님 배송수고해주신 분들 모두 감사합니다,1
761,랜덤이 아니라 점박이라고 알고산건데맛은 너무좋아요 완전 달달하고 맛있어요 그런데 점박이는모르겟고 크기가  은 한입암튼 넘작아요ㅠ ㅠ 썩은것도 좀 있고요 밤보다 작은것도 있고암튼 맛은 짱입니다 거의 매일 해먹고있네요 신랑이 집에있으니 먹는것만 찾는데 고구마가 너무 맛있어서 매일 해달라네요 아직은좀 남아서 다먹으면 재구매 할려구요 딸도 따라샀다네요,1
762,역시  실망시키지 않는 처상급상품에 착한가격에 다시금 놀라네요감사합니다고구마가 당뇨에 좋다해서 꾸준히 먹고있는데아식이요법다이어트에도 좋아요굿요꿀고구마강추요그리고 저는원래 상품평 어지간해선 잘쓰지않는데진짜 후회없어 추천하고자 씁니다판매자님 감사합니다떨어질때쯤 줄곧 구매의사있고요이번엔 친정엄마대전으로 보내드릴까해요,1
763,고구마 많이 사 먹어봤지만 이렇게 다 얼고 썩은 건 처음이에요 반품 늦게 요청해서 환불이나 교환은 어렵다고하니 어쩔 수 없지만 몇 개만 그런 거겠지 하고 그냥 먹으려하다하다 안되서 반품 요청 드린거거든요고구마 전체가 다 썩고 먹으면 씁니다 저희 부모님도 농사지으셔서 여쭤보니 이런거는 버리는 고구마라고 하시더라구요 좋은 상품으로 판매해주세요,0
764,오자마자 뜯어보니 날씨때문인지 젖은게 좀 있어서 반은 신문에 널어 베란다에 뒀구요 쪼꼬만거 개만 에어프라이로 익혔는데요호박고구마가 단 한개도 없네요심지같은건 없고 깨끗해서 그냥 먹어볼게용어려운 시기에 판매자님이 일부러 그러신 건 아니겠지만실수로 다른고구마를 보내신 거라면다른분들에겐 확인 잘 해서 보내주셨으면 하는 바람입니다,0
765,주문하고 받은 지 주가 넘은 거 같은데 다른 분들 피해 없으시길 바라며 이제라도 후기 올립니다  한 끼를 고구마로 식사대용으로 먹고 있는데 고구마 상태가 한번 얼었던 것처럼 물러지고 상해서  그냥 두면 모두 버리 게 생겨서 한 번에 삶아 냉동실에 넣고  그사이에 다른 고구마를 주문해서 먹고 지금 맛없게 꺼내 먹고 있습니다,0
766,밤고구마 을 주문했습니다 포장 겉면 라벨지에는 분명 밤고구마라고 적혀 있는데 상자를 열어 보니 호박고구마였습니다 교환 과정이 번거로워서 잘못 배송된 상품에 대해 화를 참고  먹고 있습니다 그런데 더 화가 나는 것은 호박고구마가 상한 것이 너무 많아서 정상적인 상태를 찾기가 힘들 정도입니다,0
767,날씨가 너무 추워서 그런거라고 이해하지만 상태가 최악입니다 얼어서 왓는지 오자마자 상자를 벌려 두엇는데도 물이 질질 흐르고 고구마가 상해 잇네요 최대한 빨리 먹으려고 하긴 하지만 곧 썩을것 같아서상태는 물렁물렁한게 많네요 최악의 날씨라 이해합니다 어쨋든 너무 상태가 최악이네요,0
768,고구마 모두 쏟아서 상한거 개쯤 버리고신문지에 좀 말리고 다시 상자에 넣었어요 고구마 구입해서 매번 잘라서 에어프라이어에 구워먹다작은사이즈 있길래 구입했어요 한 열개쯤 먹었는데 두개는 한쪽이 상했고안상한거 맛있어요 ㅋㅋ 밤고구마도있고 꿀고구마도 있어서 만족해요,1
769,맛없는 호박고구마가 배달됬어요 후기좋아서 구매햇는데 거짓이네여 옵션은 왜 선택하는지아무호박고구마 보낼꺼면서 맛도 드럽게 없어요 다들 시켜드셔보세요 고구마 많이시켜먹어봤지만 이런 최악의 고구마 처음이네요점 별점도 아까워요 최악이렇게 안달고 맛없는고구마 진짜 처음이네요 다시는 안시키겠습니다,0
770,한입크기로 주문했었는데 생각보다 싸이즈는 크네요 다만 꿀고구마를 기대하고 받자마자 에어프라이어로 쪄본결과 그냥 단맛이 나는 밤고구마네요 ㅠㅠ 혹시 잘못보내신건 아닌지요 요즘 촉촉하고 단맛나는 꿀고구마 찾기가 넘 힘든것같아요 판매자분들은 제발 솔직하게 판매하셨슴 좋겠습니다,0
771,한입 고구마 값이 싸다고 생각해 주문했는데 받아 보니 사람이 먹을게 아니었슴절대 사지 말것흙세척 전혀 안 되어있슴 크기는 사람 손가락 만해서 씻기도 어려움 반은 얼었다 녹았는지 물러터져 있슴 짤린거 파인거 쥐가 파먹은 듯함등이 섞여 있슴이건 사료로 쓸수있을지도 의문임,0
772,일에 주문했고 빨리 받았다면 다음날이겠죠그러면 오늘까지 일 된건데 반이 넘게 물러있어요ㅜㅜ이틀만에 하나가 곰팡이가 슬어 버리면서물이 들어가서 온게 아닐까싶었거든요나름 잘 보관하려고 노력했는데일만에 이렇게 된건 처음이라서 많이 속상하네요사진은 쓰레기봉투에 들어가있는거에요,0
773,평이 왜이렇게 좋은가요ㅠ 엄지 손가락만한 게 대부분인데 실까지 많은데다 분의이 썩었네요ㅠ 원대면 한입소도 싼 가격 절대 아닙니다 이건 판매하심 안될것같아요 적당히 작아야죠 썩은것까지 ㅠ 오자마자 신문에 펼쳐놓았는데 썩은게 엄청 많네요ㅠ 이런건제발팔지마세요,0
774,제가 시킨거보고 딸도 시댁이랑 두개 시켜서 먹었어요 전 시킨거 다먹고 또 시켯네요 그런데 중상을 시켯는데 한입거리도 많네요신경써달라고 부탁드렸는데 다른집에도 소개해주고 나눠먹을건데먼저보단 작은느낌암튼 맛이좋아서 또시켯는데 이번건 아직 못먹어보았네요 똑같겠죠,1
775,식감은 꿀고구마인데 맛은 조금 덜 다네요 하지만 덜 달아서 건강에는 더 좋을 것 같네요 말려두고 시간이 좀 지나면 달겟지요 가격 대비 저렴한 가격에 너무 만족합니다 사이즈도 작지만 적당하고 심도 없고 아주 좋네요,1
776,충분히 얼어버렸겠죠 도착한 월욜 저녁에 첨엔 겉이 말짱해 보였는데 사실은 속이 녹으면서 썩어버린거죠 겨우 잘라내 만 먹을 수있었어요 제발 남방계 농산물을 영하의 주말에 배송하지 마세요농산물 판매하면 일기예보도 좀 보시구요 속상합니다,0
777,나는 분명 한입 소를 시켰는데이건  중간거 보다 더 큰  고구마들이고 또 박스 열자마자모양을 보시더니고구마 중에서도 제일 맛없는 고구마들로 보내줬다고 하시네요화요일 발송시작인데토요일에서나 오고정말 비추입니딘,0
778,작은 사이즈라 심이 있지 않을까 했는데전혀 없구요너무 너무 달고 한입에 쏘옥 먹기에 딱 좋아요익히는 시간도 빠르구요단 받고 나서 꼭 쏟아서 습기를 말린후 보관 하셔야 해요 안 그럼  밑에 것들은 다 먹기 전에 썪어 버려요,1
779,중상품으로 주문 했는데 한 입 사이즈 고구마를 섞어 보내 셔서 기분이 별로네요  이렇게 섞어 보내 실 줄 알았음 그냥 한 입사이즈로 주문할 걸 후회합니다 추운 날씨에 상한 것 없이 무사히 도착해서 추천 여부는 부통으로 합니다,0
780,언박싱하고 양많아서 우와했는데맛이 이상해요고구마 색은 회색이고맛이 떫고썩은거같은데지금 두개먹었는데두개다 그래요그리고 고구마 사이즈가 너무 작아요돈아까워요그전에 시켜먹었던업체가 품절이라 여기서 주문했는데 신경좀 쓰셔야겠어요먹는건데,0
781,크기는 약간씩 차이가있으나  구워먹는데는 이상없겠고 에어플라이어에  쪼끄만녀석깜찍한녀석들부터 구워서 먹었더니엄청달고맛있네요 열댓개 순삭 추가주문 또할거니까  많이 모아두셔요사진중간에 계란과  크기 비교해보셔요,1
782,부산의 지인에게 보내느라 또 주문하였는데요 판매자님께 벌써 여러번째 고구마 구매하고 있어요 그런데 중상 크기 주문했는데 한입 크기도 좀 들어 있다고 하셔요 ㅠ 믿고 주문하니 잘 선별하여 보내주시면 좋겠습니다,0
783,꿀이 많아서 고구마삶고 나면 냄비에 찐득한 당분땜에 설거지 힘들어요꿀고구마 맞단뜻생고구마 깍아 먹어도 맛있어요요즘 빨리 썩으니 한번어 다 삶아서 껍질까서 냉동고에 넣어놓았다가 몇개씩 꺼내 그릴에서 구워먹으면 군고구마 먹는맛,1
784,주문 다음날 송장번호만 올라오고 나흘 후에나 도착 껍질이 많이 벗겨져서 있었고 쪄먹어 보니 어떤 건 진고구마 어떤건 밤고구마맛이라도 괜찮아야지 올해 사먹은 고구마 중에 가장 맛이 없네요 꿀고구마가 이런 맛일줄이야,0
785,어머니댁에  보낸건데  오늘 연락와서는  어디서  구입했냐고 막대기 같은  얇은 것들만  들어있다고 그래도 아깝다고 드신다는데 복불복인지는  몰라도  다른상품평  보고 구매했는데 이정도인지는 몰랐네요  보내드린거라 더 속상하네요,0
786,여태껏 구매한 딴집 고구마와는 다르게 썩은 구구마가 너무 많네요 거의 절반을 골라내도 상태가 나빠서 냄새가 좋지 않네요 판매자가 양심이 있는 사람인지 의심스럽습니다 정말 화가 납니다옥션에서 사후 관리 해주세요,0
787,냄비에 진한색 고구마는 마트에서  키로 원에 구매한거 허였고 길쭉한건 옥션에서 산거 가격은 두배인데 품질은 엉망이네요 실이 너무 많아서 먹기가 너무 힘들어요 당도는 매우 높아서 달콤하긴 하네요,0
788,박스  개봉하니  썩은 냄새가 나더니 이 썩어서 골라내고  괜찮은 줄  알고 삶았더니  또  이  썩었네요  이런 건을 팔면 어떡합니까  요즘  먹거리 가지고 이렇게  장사하는 사람없던데  너무하는군요,0
789,배송은 잘받았습니다 고구마 크기가 상중하 막섞여 있습니다 돈을 더주더라도 크기를 나누었더라면  먹는 사람도 선택 할수 있었을텐데요 아쉽네요 이왕이면 크기가 정해지면 좋겠습니다,0
790,배송도 더럽게 느렸는데 고구마도 쪼끄만데다 썩은부위가 반 이상이라 냄새도 나고 썩은곳 떼내고 나먼 먹을것도 없어요고구마들도 죄다 못생긴애들만 와서 씻어내고나면 다 끊어지구 이런걸 이만원 안되게 주고 샀다니 승질나네여,0
791,처음 특상 시켰을 때 사이즈도 좋고 그랬는데 다음번에 특상을 시키니 한입사이즈하고 중짜리 막 섞네요 ㅡㅡ 특상가격이나 받지나 말지 물건 이런식으로 팝니까 ㅡㅡ,0
792,대박 꿀고구마네요ㅎㅎ여직 먹어본 중에 젤맛있었어요별기대 없이 시켜는데밤고마는마 퍽퍽해 더우기잘안시켜 먹는데아쉬운점 크기가 제각각아주 작은것두 있네요여튼 대박나세요수고하세요 ,1
793,작아도 너무 작고  삶으니  카키색 물이 나와요 어느 구매자분 말대로 약품처리가 심하게 됏나봐요   껍질벗겨 삶으니  물색이 변하지 않아요 도토리만한 것도  있어요맛은 좋으나  큰걸로 구입해야됩니다,0
794,꿀고구마 번개같이 빨리 왔습니다 맛있는 고구마를 사이즈도 적당한것 같고 저렴하게 살 수 있어어 감사하게 생각합니다 많이 많이 파세요 지금 오븐에  분 굽는 중입니다,1
795,오늘 저녁에 받자마자 삶았어요저장제품이라 이맘때면 썩은것이 많이나올것 같기도 하고 집에서 두고 먹기에는 불안근데 역시나 껍질은 깠더니 거뭇해서 과일 깍듯이 깍아서 냉동실에 보관 썩은것도 몇개나오고,0
796,올해 구입한 고구중 제일 마음에들어요 다른곳은다  손가락 굵기정도 나무뿌리 같은것인데 여기는 작아도 고구마다운것이네요  비교사진 올림 처음사진이 이곳고구마  두번째사진은 다른곳에서 구입한 고구마,1
797,심이박혀있어서 먹을때마다 걸리적꺼리고 지저분하고 불편하네요소자를주문했지만아마도 본인들도 안먹을 고구마를 판매하는건 아니지안나요맛도 단맛도 안나고 맹숭맹숭너무기대했내여,0
798,맛은 꿀꿀꿀   고구마소 구매작은거  부터  골라  삶아  먹구여 군고구마  하기에는  쪼그라  드니까 먹을게  없뎌사이즈 소 는  피하셔야 할듯박스위에  긴걸루 몇개 덮어  왓음,0
799,월 일 수령하고 박스를 개봉하니 개정도가 물러져서 버리고부러진것도 개 아파트 앞 베란다에 보관하였는데 오늘월 일보니까 전부 물러지고 곰팡이까지 피어서 모두 버렸습니다,0
800,고 딸래미가 호박 고구마 엄청 좋아합니다아침에 늘 우유와함께 챙겨먹어요크기가 조금 작은감은 있지만 깨끗한상태로 잘 도착했어요 잘 먹겠습니다,1
801,고구마가 십여개나 썩었어요상태가 시들하구요박스안을 한번 점검해 보시고 썩은 건 차라리 골라내시고 중량 미달로 보내심도 괜찮겠어요싸니깐 감안하시겠죠감사합니다,0
802,저렴하게 품질도 좋고 구매를 잘 한것 같습니다거기에다가 배송도 빠르구요믿고 구매할 수 있어서 좋습니다앞으로 잘 사용 할 수 있도록 할께요많이 판매 하세요,1
803,년산 햇 밤 고구마  잘 받았습니다 싱싱하고 맛있는 고구마잘 받았습니다년산 햇 밤 고구마 착한가격 빠르게 잘 받았습니다 강추입니다,1
804,재어보지않았으나 키로 보다 많은 느낌까지 드네요 썩은거 몇개 있지만 씻으니까 보라색 껍질에 맛있을거 같아요 썩은거 도려내고 에어프라이기에 구우니 좀더 후숙 하면 더 맛날둣감사합니다,1
805,솔직히 싼 가격도 아닌데 분의 정도는 썩은게 왔네요육안으로 보기에도 썩은게 눈에 보이는데 쓰레기 처리하는 것도 아니고 어떻게 이런 걸 보내줄 수 있는지 이해가 안 가네요,0
806,오자마자바로 꺼냈는데 젖은게 있어서 말려서 멓어놨어요  살짝씩 썩어있는게 몇개있는거빼곤 괜찮아요 ㅋㅋㅋ 숙성시켜ㅛ다먹으면 더 달달해ㅛ어서 다용도실에 넣어놨어요  오늘가서 구워보려고용,1
807,고구마캔지 꽤 됐을텐데덜마른것도 아닐텐데달지가않네요그리고 파삭하면서 목메이는 밤고구마이길기대했는데목은안메이구요꿀도아닌것이밤도아닌것이그냥저냥해요라이타만한것도 많아요,0
808,개쓰레기고구마를보냈네요사이즈도개판품질도개판판매중지해야합니가포장상태도개판흙이박스에서새어나와서보니까고구마에흜이엄청묻어있는게열받어죽는줄알았네요,1
809,한입고구마여서 크기는 정말 작지만 가성비가 좋네요 빨리 먹고 또 주문하려고 키로 구매했어요 껍질채로 드시지 않으면 더 큰사이즈가 나을 것 같아요,1
810,양도 푸짐 사이즈도 예쁜데 개 중 개는 심지가 전체 가운데까지 박혀있어요 완전 찔깃 찔깃  세척된 고구마가 이상하게 삶으니 검은 물이 줄줄 왜 이러죠,0
811,한입에 쏙 들어가요 가스렌지에 찌는데 냄비에 물을 좀 넉넉히 붓고 처음 센불로 익히다가 끓으면 약한불로 은근히 이십분정도 익혀서 먹으니까 촉촉하고 맛잇네요   또 주문했습니다,1
812,이 상품 아주 별로 예요 중량은  부족하고 제대로 다듬지 안었고 흙은 털어내지 않어서 덕지덕지 붙어 있고 신선하지도 않고 게다가 밤고마도 아니고 아무튼 최악이네요,0
813,고구마 개월이상 여기저기 배송시켜서 먹고있는데 최악입니다 중상사이즈인데 다른곳 한입사이즈이고 썩은거 물렁한거 골라내고나니 거의 절반도 안남았습니다ㅡㅡ,0
814,크기가 못난이어도 너무 방울만하고 작은 것들이 와서요 맛은 그나마 있어서  그래도 크기가 황당할정도이기는 했습니다 큰게 손가락 개 굵기라서요,0
815,이거 사람 먹어도 되는건가요  어쩜이런걸팔수있나요 다이여트시작해서 가게서  간편하게 먹을라고  한입고구마시켰는데  다짤라버리니까반입도  안되네요  버리는게 반이상입니다,0
816,너무맛있는고구마 최고 밥심간식입니다갠적취향은 밤고구마입니다 에어프라이어에  도로 분정도  돌렸어요  간편하게 맛나게잘먹고있습니다재구매할께요,1
817,호박고구마가오래됐는지 에어푸라이로굽었는데껍질이쭈굴쭈굴두껍고잘벗겨지지도않네요 고구마는떨어지지않고꾸준히먹습니다만이런고구마는 처음보았습니다 생거로먹어보아도아삭거린맛이전혀없네요,0
818,진짜 손가락 크기 정도로 작네요너무 작은감이 있지만전기오븐에 구워 먹으면 시간 많이 않걸리고 괜찮네요하지만 크기는 너무 너무 너무 작아요,0
819,여태껏 먹어본 고구마중에 이러맛없는건 첨이네요 꿀고구마시칸건데 이건 호박고구마도 아니고 이상한고구마예요 고구마에서 감자맛이나요 진자 거짓말안하고 단맛이 거의 안나요,0
820,밭에서 고구마 캐고난후에 남는 찌끄러기를 모아서 보내왔네요 이걸 판매하는분은 무슨마음으로 파는건지 다시는 이업체와 거래를 안하겠어요믿고 먹을수있는장사를 하세요,0
821,맛은 또 괜찮음 바로 구워서 먹어보고 좀 말려서 먹어봤는데 둘 다 괜찮았음한입 크기가 아가들 한 입임 욤욤 하면서 먹어야 됨 그래도 괜찮음,1
822,한파에 보내셔서 모두 얼어서 썩어버렸네요 부모님에게 사서 보내드린 것이라서 그냥 남은것이라도 드신다기에 반품을 못하네요 한파에는 늦더라 늦게 보내주셨으면 합니다,0
823,왠만하면 악평 안쓰는데 중상 시켰는데 반이 한입사이즈고내손가락보다 작음 물먹어서 안이 썩어있음 오븐에 굽는데 썩은내가 진동 몇개먹고 버림,0
824,고구마 상태가 눈으로 보기에 좋아요바로 삶아 먹어 보니 맛도 괜찮아요근데 아직 숙성이 안되서 그런지 꿀고구마가일반 밤고구마 맛과 거의 비슷하네요,1
825,작긴한데 정말 그토록 찾아다녔던 밤고구마를 드디어 만났습니다중량도 박스빼고 정확히 키로 고구마만 한달에 두박스는 먹는데 완전 단골하겠습니다,1
826,한입고구마라서 큰 기대 안하고 주문했는데 다른 쇼핑몰에 고구마 중급이라고 주문 했는데 별차이가 없습니다금액만 두배나 차이 납니다너무 만족합니다,1
827,개인적으르  작은게  쩌먹기엔  좋은것  같아요   아직  맛은  안봤는데  깨끗하니  진한  핑크빛  맛도  좋을것  같으네요    많이  파세요,1
828,배송은 오래걸릴것 같아 마음 비우고 기다렸는데 빨리 받아볼수 있어서 놀랐어요 고구마 크기가 적당하고 달아요 꿀고구마네요  맛있게 잘먹을게요,1
829,단단한 밤고구마가 먹고 싶어서 구매했는데 물고구마가 왔네요 박스 열어서 추우면 안된다길래 실내에서 보관했는데 일만에 상해서 몇개 못먹고 버렸네요,0
830,한입크기라서 구우면 수분이 날아가서 꿀고구마 특유의 촉촉함이 없어요속이 촉촉하려면 크기가 좀 있어야겠죠 하지만 맛은 좋네요,0
831,한입이라지만 너무 자잘한걸 를 넣어주시는건 좀 아니자나요밤고마도 아니구 ㅠㅠ 호박고구마에 가깝네요 하려다 혹시나  시키길 다행이네요 ㅠㅠ,0
832,바로 안먹고 박스채 둿다 일주일쯤 뒤에 개봉햇어요근데 생긴건 크고 깨끗한데 속이 멏개 섞어서 버렷어요 몇개 버리고 나니 먹을게 없어요 ㅠㅠ,0
833,아침 식사용으로 구입했어요 한 개씩 미리 쪄놨다가 아침에 두세개씩 전자렌지에 돌려 먹고 나가는데 어지간한 인스턴트 식품보다 편하고 맛있어요,1
834,한입소 주문했는데 다른데는진짜작은데 원근법무시하고 밤하고호박하고넣어주셔서감사매번시킬께요너무만족저희강아지랑같이먹는데 에어프라이어돌리는순간달콤한냄새가나요,1
835,잘받았어요 겉보기엔 꿀고구마가 아니라 호박고구마 같이 생겼는데 한입 크기가 아니라 꽤 커보이는데 제대로 온거 맞는지맛이 어떨지,1
836,고구마 잘 받았습니다 혼자 먹어야해서 키로 시켰는데 금방 먹을 거 같네요 찜기에 쩌서 먹었는데 달달하고 맛있어요 잘 먹을게요 많이 파세요,1
837,정말 맛있는 고구마 크기는 생각보다 작지만 상한거 하나 없이 깨끗한 상태로 도착하자마자 바로 구워서 먹었습니다,1
838,이번주 화요일에 온 고구마 나눠줄라고 꺼내는데 곰팡이가 엄청 나왔네요 우리집에서 한달넘게 둔 고구마도 곰팡이가 안피는데 얼마나 오래된거 보내주신건가요,0
839,유통기한 일입니다어쩐지 너무 깨끗이 흙 털어져있길래세상에 일만에 이렇게 됐습니다고구마 원래 겨울내내 먹는거며 아닌가요행여 호박이더라도 너무한거같어요,0
840,진짜 꿀고구마예요  후숙이 안되서 그런가  쪄 먹으면 껍질이 잘 안 벗겨지는데요 후숙시키면  지금보다 더 달고 껍질 잘 벗겨지겠죠 정말 맛있어요,1
841,부산에 사는 고구마 좋아하시는 지인께 보냈어요 구워 먹었는데 맛있다고 하시네요 판매자님 고맙습니다 저도 다 먹어서 조만간 또 주문해야 해요,1
842,어른들께 보낼꺼라고 좋은 걸로 보내달라고 따로 요청까지 했건만 썩은거에 사이즈도 한입도 아닌 사이즈로 보내서 계속 욕먹고 있습니다,0
843,한입거리 호박고구마랑  꿀고구마 주문했는데한입거리는 파지를 보내신건가요중간중간 상처입고 썪은것들개정도골라냈습니다,0
844,꿀고구마 주문했는데왠지 맛이 밤고구마 같네요 체육관 하는 사람이라서 고구마를 주식처럼 먹는 사람이라 잘 알음달기는 한데 퍽퍽하네요,0
845,제가 밤고구마 시켰는데 호박고구마랑같이 섞여서 와서 이상하네요 별로입니다 밤고구마좋아해서밤고구마를 시켰는뎇호박고구마랑같이섴여 왔네요 별로안좋음,0
846,한입 크기로 작지만 맛이 좋아요상품도 깨긋하고 양도 많고 아주 만족합니다지금 같은 상품이라면 언제라도 강추,1
847,밤 고구마 특대 최고인물 훤하니 아주   멋집니다요전자랜지 휙 돌려  하나 뚝딱 크내 입에  쏙   쨩대박 나십시요유후,1
848,밤고구마 주문했는데 씻으면서 보니까 호박고구마도 꽤 섞여 있네요 그래도 쪄서 먹어보니 맛 좋아요 맛 좋으니 별 개 드립니다 감사합니다,1
849,꿀고구마를 주문해서  구워서 먹었는데 너무 퍽퍽해서 물이 없으면 목이 메어서 안넘어가요 진짜진짜 잘못주문했네요 고구마에 수분이라곤 전혀없어요,0
850,꿀고구마 주문했는데 완전 밤고구마네요상품은 괜찮은데 좋아하지  않는 밤고구마라서완전 실망이에요 너무 무신경 하신것 같아서 비추합니다,0
851,밤고구인데 꿀고구마가 되어서 나왔네요그래먹으나 저래먹으나 맛잇으면 되는거고튼실하고 상태도좋아요다먹으면재구매하러 또올께요,1
852,아직먹어보진 않았는데 중상시켰는데 한입사즈 같은 크기가 꽤 있네요구매 후기보고 취소할까 하다 시킨건데상품하자 없었으면 좋겠네요,0
853,항입크기 여러번 주문햇지민 이렇게 작은사이즈는 첨이네요진짜로 한입사이즈가 반이상입니다사진은 상당히 크게 나왓네요,0
854,제주도에선 귤로 따지자면 이런 물건은 비상품처리되는데 꽁다리는 썩은게 많고 정량에도 부족하고 마음이 좀 넉넉한 판매자님이 됫음합니다,0
855,한입만세개시켜먹고점박이로시켜봤는데이렇게좋을수가 크고상처없이깨끗하고맛있고넘좋잖아요 게다가가격도착하고강추합니다,1
856,에잇 부러지고 삐삐마르고 상처난게 많아요 이런건 또 처음받아보내요 못난이 시킨것도 아닌데 너무하네요 사이즈도 들쭉날쭉  화나요,0
857,속에서 부터 무르고 하루하루가 고구마의 생명 단축이네요 하아 킬로 구매해서 킬로 먹었으면 그나마 다행인것 같아요,0
858,실패 하면 어쩌나 하고 여기저기많이 둘러보구 구매 했어요너무 너무 완전 꿀입니다강아지 간식인데 내가 다 쳐묵쳐묵 ㅋㅋㅋ또 사러 올께용,1
859,가격 대비 만족합니다 심이 좀 있긴 하지만 가격 대비 좋아요 구워서 식힌 후에 먹으면 너무 맛잇네요,1
860,방금 삶아서 맛봄 괜찮음 크기는 작음 배송은 층입구까지 놓고 사진찍어서 문자보내줌 전반적으로 마음에 듬,1
861,햇 밤고구마 잘 받았습니다 맛있는 햇 밤고구마 착한가격에 배송빠르게 잘 받았습니다 적극 추천합니다,1
862,날씨가 추워서 고구마가 얼어서 왔어요받아서 바로 말렸는데도 이틀만에 물렁하게 썩었네요추운날에  주문은  하지 말아야 될듯속상하네요,0
863,한번 먹어보구 맛은 괜찮아서 다시 재구매한건데 삶고 보니 썩은게 많아서 먹은거보다 버린게 더 많을지경 원 주고 사먹긴 아까워요,0
864,진짜 딱 한입크기네요맛은 없는것도 아니고 없는것도 아니고이 가격에 이맛이면 만족합니다,1
865,배송도 빠르고    크기가  먹기 좋은  싸이즈한파에   얼지 안았나했는데  품질  좄아요,1
866,해마다 고구마 사면서 먹어봐도 이번엔 정말 실망스러워요이건 파시면 안될듯싶네요고구마 껍질까다가 성질만나네요정말 실망스러워요,0
867,사이즈도 제각각이고 모양도 들쑥날쑥이고 끝부분이 다 깨져서 왔어요 맛은 좋을지 모르지만 만족스럽진 않네요,0
868,잔잔하니 애들먹기는 좋을듯 합니다만 중간크기주문했는데 많이 쪼꼬미네요 ㅎㅎㅎ 아직 먹어보진 않아 맛 은 몰것어요,0
869,실내에 놔뒀는데 녹으면서 다 썩었어요비싸게 산 고구마 개 쩌먹고 다 버리네요날이 추울땐 포장을 달리해서 보내주셔야 겠어요,0
870,배송 엄청 빠르네요 한입고구마 에어프라이어에 분돌리니까 맛있네요 퍽퍽한게 몇개있지만 만족합니다,1
871,박스열면 썩은내가 나요다 골라내고 주방 베란다 입구에 두고 먹는데 맛은 괜찮은것 같지만 잘아 두번 사지는 않을것 같아요ㅜ,0
872,십키로 짜리 저렴한 가격으로 자주 구매하는데배송온 상품 ㅍㅌㅊ 이상이네요엄마 등짝 스매싱 걱정 안 해도 될 상품,1
873,이번엔 고구마를 세척해서 보내주셨네요 받자마자 쪄서 먹었는데 괜찮아요 사이즈가 작고 가늘긴 하지만 맛이 좋아요,1
874,항상 호박고구마나 꿀고구마만 먹어봐서 첨으로 밤고구마 주문해봤는데이것도 포슬포슬 넘 맛나네요에프에 분 돌리니 딱좋아요,1
875,고구마자체는 달고 맛 있지만크기가 넘 작아서 실망입니다손가락 굴기도 있고 대체로 너무 애기 고구마  한입이네요,0
876,맛은 좋은데 크기가 조금 작아요군고구마로 해 먹을 때는 조금 더 큰 크기를 구입하는 것이 좋아여,1
877,맛은 있는데 다썩었어요넘 했네요 분의도 안되요다른 분들 한테는 썩은고구마보내지 마세요 겉은 괜찮은데 속은 다먹었어 요,0
878,고구마한입 잘받았습니다 햇밤고구마 맛좋은고구마한입 배송빠르게 잘 받았습니다강추입니다,1
879,작아서 한입에 먹기 좋을듯요ㅎㅎ손가락 두개 정도 크기라 찌기도 좋고먹기도 좋을듯요오늘부터 저녁은 고구마로ㅎ,1
880,정말 달고 맛있어요요기는 충남청양인대 한입크기 진짜 넘맛있어요쌩의로 드셔보세요 꼭이요최고입니다,1
881,사진 상으로는 멀쩡해 보이나 곯고 썩거나 상처난 것이 분의 정도 입니다 판매자는 제품 검수하고 발송해 주세요,0
882,밤고구마 꿀고구마 나눠서 시켰는데사실 밤고구마가 그닥 밤고구마 같진 않아요고구마심도 좀 있는편이예요맛은 나쁘진않아요,0
884,껍질 벗기기 참 힘들어 그냥 먹어요 ㅜㅜ그나마 크다싶은것도 소주잔과 크기 비교하면 어느정도인지 대략 보여요,0
885,고구마 찌고 난후 물 버릴려고보니 초록색으로 변한 물 완전 식겁함요  정말 한입고구마고 작지만 달아요 심도 없고,0
886,고구마 크기가 아주 좋고 상태도 깔끔하네요 받자마자 반은 굽고 있는데 기대됩니다,1
887,이번 고구마는 전에 대먹던 고구마와 품종이 다른것을 주셨나요 애기 이유식이라 푸석푸석 항것이 와서 다시 주문해야ㅠㅠ,0
888,도착후 바로개봉해서 찌려고하니 상한부분이 너무 많아요그저 이럴수 있다 생각하려 합니다 힘들게 키워보내 주셨는데 ㅎㅎ ㅎ,0
889,고구마가  왔는데  흙이  너무 많이 묻어와서  씻어서 먹는데  은근손이  많이가서  잠깐 방치 했더니  금방 다썩어버림,0
890,한입 고구마라 해서 조그만지 알었는데 제법 먹을만하네요 맛도 좋아서 금방 먹을것 같네요  다 먹으면 또 주문하겠습니다,1
891,맛있어요 아주 달고 맛있습니다 썩은것도 없구요 다먹고 재구매해야겠네요 그사이 조금 더 저렴해지면 좋겠습니다,1
892,조그만해요 씻어서 에어프라이에 구웠는데 달고 맛있어요옛날시골에서 먹던 짜투리 조그만 고구마 단맛나고 먹을만해요,1
893,저렴하게 잘샀어요 상한게 섞여있긴하지만 대부분상태양호하고 크기도 그리작지않아요,1
894,고구마 실하고 엄청커서 놀랬습니다ㅡ아직 안먹어봐서 맛은 모르겠는데 튀김 군고구마 맛나게 잘 먹고 재구매하겠습니다,1
895,대박 고구마 감사합니다 앞으로 쭉 이곳에서만 고구마먹을거에요  저도 고구마농사 많이 지어봤거던요 고구마농사 엄청 힘듬,1
896,중상으로 주문했는데 손가락 같은게 많이 포함되어있어요중상이라하기엔 너무 잘아요추천하기가 조금 거시기 하내요,0
897,햇고구마아니고 해지난고구마 같고박스안에서 흐물흐물썩어있고일지낫나 곰팡이에 죄다썩고있어요사먹지마세요,0
898,조금만 삶아서 먹었는데 맛있어요 지금 찬 곳에 박스 열어서 묵히고 있습니다 기다리면 더 맛있어지겠죠,1
899,랜덤 맞네요 모양이 다 달라요 상처도 많고 부러진게 많아요 그래두 쪄서 먹으니까 맛은 밤고구만지 맛나네여,0
900,겨울 간식으로 최고지요  하나하나 먹기 부담없는 크기이고 먹기도 편하네요 맛도 좋습니다 ,1
901,믾이 자잘하네요  정말 딱 한입이면 끝 박스 위부분만 좀 길고 안쪽은 탁구공 크기,1
902,며칠저 구매한 고구마 속이 썩은게 많아서 은 버렸네요 너무 비양심적인거 아닙니까 옥션은 이런거 그냥 팝니까,0
903,한입사이즈라 해서구매했는데크기도 제각각에 상태가 좋진않네요후기좋아서 산거라 쫌 실망입니다,0
904,작아요 감자크기이거나 고구마 줄기가 살이 쪘구나 생각 될 크기맛은 그럭저럭 있음,0
905,잘 받았어요한입 소 크기라 너무 자잘하면 어떡하나 걱정했는데괜찮네요 만족합니다,1
906,특대 사이즈라 역시 크기가 남다르네요촉촉하고 부드럽고 달콤한 꿀고구마 맛있어요,1
907,아쉽네요 멀쩡해보였는데 상한것들이 생각보다많아요만지자마자 손가락이  쑥들어갑니다개개정도는 그런게들어있어요,0
908,개인적으로는 물기 듬뿍 머금고 있는 물고구마를 좋아합니다 먹으면서 목맏혀 다른 음식과 번갈라 가며 먹습니다,1
909,받자마자 에어프라이기 돌렸는데 넘 달고 맛있어요 나머지 후숙 시켜 놨는데 더 맛있겠죠 최고예요,1
910,한입크기네요  작고 가늘어요 에어후라이 했더니 맛은 있어요밥에 넣어 먹음 딱 좋네요 껍질째 먹어서요,1
911,딸에게 보내줬는데 다 썪어서 버렸다네요 이럴수가 있을까요여지껏옥션에서 수도없이 구매 했는데 이런 적은 첨 이네요,0
912,애들이 꿀맛이라 정말 맛난다고 날리네요다먹으면 또 주문할께요 상한건 조금씩있지만 제거하니 먹는데는 지자 없네요,1
913,부산의 고구마 좋아하는 지인께 또 보내 드렸어요 밤고구마 아닌 것 같지만 맛 괜찮다고 하셔요 고맙습니다,1
914,배송도 빠르고 가격도 착하네요 고구마 깨끗하고 사이즈도 딱 좋아요,1
915,배송은 보통입니다비세척고구마를 부탁했는데 세척고구마를보내셨네요 고구마가 달기는한데 심지가 너무 많아,0
916,아주 작은것들과 부러진것도 몇개있지만 상한것 하나없고 흙제거를 잘해서 보내주셨네요 아주 달고 맛있습니다,1
917,고구마 크기가 적당해서 시각적으론  관찮아보이는데겉에 훅이 넘 많이 묻어 있어 조금은  아쉽군요,0
918,아직 먹기전이지만 고구마가 크기도 좋고 상태도 좋아보여요 먹고 맛있으면 추가구매 할께요,1
919,배송받은 즉시 개봉 했는데 상한게 개나 포함되어있고 겨울이라 그런지 고구마 표면에 물기가 뭍어있어요,0
920,생각보다 빨리 배송 되어 좋아요 가격도 넘 저렴하고 양도 많아서 지금 베란다에 후숙해놨어요,1
921,정말 맛있고 달아요키로그람 이라 보관하기도좋고 크기가 먹기에 좋아요번째 주문입니다,1
922,중상사이즈라고하긴 넘 작은사이즈맛은있어요까맣게 딱딱해진 부분이 많아요 빨리 먹어야겠어요,1
923,상품평이 좀 걸렸는데 한잎 크기 적당하고 맛도 좋고 세척해져 깔끔하니 좋네요,1
924,사이즈 생각외로 큰것들로만 보내주셔서 놀랬는데맛도 달달하니 맛있어서 애들이랑 잘 먹고 있어요,1
925,후기에 크게 왔다고 해서 한입거리 시켰더니 반입거리로 손가락 두마디로 왔어요거기다 몇개는 상해서 버렸습니다,0
926,중사이즈같은 한입크기에요 너무 좋아요 세척돼서 깨끗하고 아주 맛나요,1
927,한입고구마인데 한입밖에 안되는 것들인데 마르고 썩고 그래서 먹을게 별로 없어요 정말 실망이에요,0
928,아무리 못난이래두 너무 잔잔한거만 골라 넣어주셧네여 맛은 괜찮은데 크기가 너무너무 작네여,0
929,지난 월 중순 대장암 수술 후 즐겨먹는 음식이 감자와 고구마입니다 잘 먹겠습니다 감사합니다,1
930,특상 주문했는데 긴특상 제품이 왔네요 중상 구매하려다 특상 구매했는데 특상이라도 많이 크지는 않네요,0
931,원래 호박고구마사려고 했는데 어쩌다 밤고구마를 주문햇는지 참 근데 다행히 밤고구마도 맛잇습니다ㅎ,1
932,쩌먹었는데 달달하니 맛있어요 옛날에는 먹기 싫은 고구마인데 지금은 상당히 비싼 고구마네요,1
933,넘저렴해서긴가민가했는데받아보고깜놀했어요넘이쁘고크기도적당하고맛까지좋네요굿 강추합니다,1
934,달아요친정부모님  좋와하십니다 한박스로 보냈으면  고구마사주고 인사라도 듣지 이건 뭐  쩝,1
935,자잘하기는 하네요 손가락 사이즈정도 구우면 먹을게 하나도 없기는 하지만 그래도 잘 먹을게요,1
936,선물한거라 먹어보진 못했지만선물하기엔 박스크기가 작아요 되어야 뽀대날듯요,0
937,한입소  꿀고구마  호박고구마가 많고  심지가 많아서 먹기 불편하긴 하지만 가격대비 좋아요,1
938,맛있어요 ㅠ 근데 물르는건 왜그럴까요 ㅠ 반은 버렸어요 ㅠ 계절상 그런요 얼었다 녹은건가요,1
939,분명 밑에 후기보고 한입크기도 크다생각하고 키로 시켰는데 죄다 엄지공주같은것만옴,0
940,너무자잘하네여ㅋ좀먹고 남은거찍었네여고구마는맛있어여너무얇고 작아서 껍질까느라큰거로시켜야할듯요,0
941,애기 이유식으로 고구마를 먹는 단골입니다 넘 달고 맛있어요 감사합니다 수고많이 하세요,1
942,큰사이즈 고구마 보다 이렇게 작은사이즈가 더 좋더라구요에어프라이어에 구워 먹음 꿀맛,1
943,실망이네요 상품평 보고 믿고 구매했는데 썩어서 물러진 애들도 있구 바닥에 킬로그램  채울려고 넣었나요,0
944,받아서 숙성 좀 한 뒤 에어후라이어에 구워서 모두 냉동실에 넣어두고 먹고있습니다재구매해야할 듯 해요,1
945,맛은 달고 좋은데 상한것이 많아요받은 즉시 확인 했는데 썩은 것이   이상은 되는것 같습니다,0
946,진짜 잔잔한 것만 모아 왔네요 껍질벗기고 먹으니  얼마되지않아 바닥ㅠ 차라리 좀 큰걸 시킬걸 그랬어요,0
947,고구마  달아서  번째  주문  하는데  이전에는  썩은게  좀  많네요정직한 판매 부탁드립니다,0
948,역시 돈값한다고 하드니 그말이 딱 맞네요 이런 것도 상품이라고 판매를 할 수 있는지 의문이 드네요,0
949,긴특상으로 작은 토스트 오븐에 군고구마 해먹으니정말 맛있네요다먹으면 또 구매하고싶네요,1
950,꿀고구마 달달하고 넘 맛있습니다길쭉한고구마 굽기도좋고 먹기도좋습니다다음에 또 재구매하겠습니다,1
951,받자 마자  바로 에어 에 구워서 먹었어요 아주 맛나고 크기도 적당하니 좋아요,1
952,고구마 말랭이하려고에어프라이기에 구워먹어도  맛나요물기가 좀잇지만 신문지깔고 말렷네요,1
953,맛있어 좋고 깨끗하나 싸이즈는 무척 작아요 껍질벚겨 먹기 귀찮을정도로 참고하세요,1
954,엄청 맛있는 고구마 입니다 간혹 썩은 것도 있지만 워낙 맛난 고구마라 재구매 할 생각입니다,1
955,그저께 받았는데 대부분이 썩어서 왔음크기도 작은데 곰팡이까지 전부 다 버림 ㅠ,0
956,중상 크기로 구매했는데 첫인상이 먼저것만 못한 느낌이 들어요 그래도 맛은 좋아요,1
957,맛도 좋고 크기도 알맞네요 배송도 빠르고 값도 적당하고 아주 좋아요,1
958,맛있네요 수분감적당해서 뻑뻑하지않아서좋아요못난이가많아도 맛은달달하요신랑도맛잇다고 잘샀다고하네요,1
959,구입한 지 주일됐는데 먹을 때마다 한두개씩 물러진 게 있더니 오늘은 반 이상이 물러져 있습니다,0
960,박스 주문 받았는데박스를 개봉해보니 하나의 박스에서 곰팡이가 펴있어서 다 버렸음,0
961,완전 퍽퍽한 밤고구마를 원했는데 그정도는 아니라네요맛은 있다고하니 조만간 추가구매하겠습니다,1
962,썩은 고구마가 몇 개 있고 한  입이긴한데 크기가 생각외로 작지만 맛은 달고 좋네요,0
963,지금 찌고 있어요입맛 없을때 하나씩 줘먹기 좋은 사이즈라주문했어요맛있기를 바래요,1
964,저렴한거로 주문 했더니 크기는 작은데 맛있고 궁금할때 먹기 딱 좋으네요,1
965,큰 기대도 없었지만 너무 얇고 길쭉한 아이들이 왔어요맛은 괜찮았는데 심이 있는ㅈ것들도 꽤,0
966,맛이 좋고 품질도 우수해서 가정에서 식구들과 함께 맛있게 먹고 있어요,1
967,꿀이 뚝뚝 떨어지진 않지만 퍽퍽하지않고 크기도 작지만 먹기좋아요 잘먹을께요,1
968,하나 시켜서 먹어봤는데 맛있어서 추가 주문했어요다 먹고 또 주문할 거 같아요번창하세요,1
969,저희아기도 잘먹어요손에집기 좋은사이즈라두번째 시킨건데 이번이 더 맘에드네요잘먹을께요,1
970,한입고구마여서 작지만 너무 달고 맛있어요 배송도 빠르고 다먹고 또 주문할게요,1
971,절반 정도가 썩었어요첫날 구웠는데 썩은거 같은 냄세가 많이 나더니먹을수록 썩은게 많이 나오네요,0
972,저렴하게 잘 샀어요 배송도 빨라요 양도 많고 맛도 꿀맛이예요 다음에 다시 구매할게요,1
973,좋은 고구마 입니다 맛있어요 배송도 빠르고 가격도 착하고 좋아요,1
974,배송이 빠르고 가격대비 품질이 좋아 강력 추천합니다,1
975,구워먹으니맛있습니다 근데 배송은 진짜 느려요 ㅋㅋ 맛만 잇다면 느린 배송쯤이야 뭐,1
976,꿀고구마  주문하였는데 사이즈당도배송 아주 만족합니다,1
977,상품 클릭을 잘못해서 박스열어보고 놀랏네 요 ㅜ ㅜ 넘작 은걸 잘못클릭해서 이궁,0
978,배송 빨랐어요 가격대비 양많고 맛있지만 까만점이 있는 고구마가 많아서 아쉬워요,1
979,처음 구매 해봤는데요고구마 상태도 괜찮고 맛도 좋네요많이 파세요,1
980,좀 마니 작아요부러진것도 많구요 아쉽습니다중상크기치곤 많이 작아요,0
981,이런 걸 마켓에서 구입했다는게 믿어지지 않을 정도  년의 마켓 인연을 어쩌나,0
983,생각보다  싸이즈가 작아요 맛은 좋은데 세척이 안된 상태로 배송이 오네요,0
984,썩은게 조금있지만 나름 맛은 있어요  에어프라이기에 구워주면 우리 개린이들이 넘 조아해요,1
985,금요일에 주문하고 화요일에 받았어요 오자마자 에어프라이어에 돌려 먹었는데 넘 맛있어요,1
986,심이 너무 많아서 먹기 힘드네요 ㅜ수확시기 놓치면 이렇다던데 두번은 못시켜 먹겠어요 ㅜㅜ,0
987,개가 넘게 썩어서 왔네요 사이즈도 중상 인데 전부 너무작아요 짜증나네요 진짜,0
988,어제 받아서 닭갈비에 넣어서 요리했는데 딸이 고구마 맛있다고수고하세요,1
989,고구마가  너무 작아서 껍질밖에 없내요작은거는 절대 비추천이네요상한것도 많아요,0
990,받자마자 먹었는데 달지안아서 몇일 숙성했다 먹었더니 정말 맛나네요다시 재주문할께요,1
991,선물로 보낸 물건은 세척이 않되었지만 일단 잘 받았다고 연락이 왔네요  고마워요 ,1
992,배송도 빠르고 고구마 상태도 좋구 만족합니다,1
993,늦게받았는데 대충봐두 좋네요 꼬꼬마들 딱 제가원한크기에 양두않구 감사합니다,1
994, 안밖에 손가락 굵기의 찰고구마로 때깔도 참 좋아요빨리 먹어보고 싶네요,1
995,지난번에 먹고  맛있어서 재구매합니다 가격도 만족스럽구요,1
996,주문한건 밤고구마인데호박고구마가 왔네요단맛도 없고별로에요,0
997,한입크기인덕 크기도 좋고 상태가 맘에 들어요,1
998,아임네이처의 잘못으로 다름품종의 고구마가 배달되었는데 이런 사유로 교환이 어렵다고요,0
999,호박 고구마를 시켰는데 꿀밤 고구마가 왔네요 그래도 맛은 달고 괜찬네요 많이 파세요,0
1000,배송빠르고 상품질도 좋아요 크기는 정도이고 맛은 별로에요,0
1001,골고루 상태조은 고구마가왓네요  맛은  합니다  잘먹을께요,1
1002,좀큰줄알았는데한입고구마보다좀크네요 한입고구마도좀들어있고요  중상보단중하쪽에,0
1003,밤고구마도 아니고물고구마 ㅠㅠㅠ얼었는지 썩은게 있어요 ㅠㅠ쩠는데 맛이 써기만 해요,0
1004,전에 밤고구마 와서 맛있게 먹었는데 이번에는 호박고구마와서 반은 섞어 버렸내요,0
1005,배송은 좀 걸렸지만 고구마는 원하던 맛입니다 다른 박스로 옮겨서 정리증,1
1006,딱내가좋아하는사이즈맛도좋고  상태도좋고  아주 맘에듭니다,1
1007,크기가 한입크기라 구워먹으면 빨리 익고 달고 맛있어요,1
1008,작다곤  생각했지만먹을수있을지  의문이네요  맛은  그런대로  괜잖아요,0
1009,가격 저렴하고 크기도적당 하고  달고 맛있습니다,1
1010,꿀고구마 구매했는데밤고구마가 와서 실망했네요제대로 보내주심 고맙겠네요,0
1011,딱한입으로 작긴 작네요  맛은 아직 못  먹어봄 가격대비 괜찮음,1
1012,작은거 사 봤는데 씻는게 번거롭고 작긴해도 상한것도 없고 맛도 달콤합니다감사합니다,1
1013,아주 작은것들도 있긴하지만 한입 크기로 괜찮은거 같아요 맛도 달아요,1
1014,상한거 없고 크기도 적당하네요 먹기전인데 보기에는 맛있게 보입니다,1
1015,한입고구마밤고구마 넘 맛있다고 남편이 잘 먹네요 재구매할께요,1
1016,맛난 꿀 고구마 보내주셔서 감사합니다코로나시대 건강유의하시고 건승하세요,1
1017,키로 한박스 맛볼려고 샀는데 거짓말 안하고반은 썪었네 확인하고 보내시지 ㅡㅡ,0
1018,맛도 괜찮고 상태 좋은데 일주일 지나니 썩는게 속속들히 나타나네요ㅠ,0
1019,완전 미니 미니 까먹는게 일이긴해도 맛있어서 좋내여 담엔 좀 큰걸로 시켜야겠어여,1
1020,한입이라 금방 익어서 편하네요 상태도 싱싱하고 좋아요,1
1021,잘받았습니다 좋은가격으로 잘산것같습니다 다음에도 재구매할께요 감사합니다,1
1022,고구마가 아니라 힘줄자랑하는건지  힘줄빼다가 맛도모르겠네요아주오래된거인지 흠,0
1023,보관을 어떻게 해야 오래두고 먹을 수 있을지 모르겠으나 처음엔 아주 맛있읍니다,1
1025,한입 고그마  베란다에서 바람쐬는중맛있을거  같아요에어프라이기에 딱이네요,1
1026,구웠는데 식으니까 좀 딱딱해요  물 두고 삶 으면 될것 같아요 상품은  좋습니다,0
1027,한입고구마 여러번 사봤지만 넘 심하게 자잘하네요 넘 자잘해서 맛도 안나요,0
1028,꿀고구마 한입용으로 종종 구입하면서 특히 해남쪽에서 오는것을 애용했는데요,1
1029,언고구마가 있어서 물기에 젖어있고 껍질이 눅눅해졌네요 배송하면서 얼었는지,0
1030,추운 날씨에 배송도 빠르고 몇개 썩은거 빼고는 만족입니다,1
1031,너무 가늘어요 사진 상품평 처음 쓰네요  내용물보다 껍질이 반이상이네요,0
1032,고구마 달달하고 맛있어요   가격대비  만족합니다,1
1033,고구마 무스 군고구마 해 먹었는데 작지만 달고 맛있네요 굿,1
1034,약달전에 특상을 주문하여 사이즈맛에 아주 만족하여,1
1035,완전맛있어서 네번째 주문입니다근데 이번거에는 썩고 부러진게간간히 끼어있어요,1
1036,달달하니 아주 작지도 않고 심은 있지만 질기지도 않고 가격대비 최고,1
1037,조금 덜말라서 말리는중탄탄해보이고좋아요크기도 고르고 양도많네요오래가면좋겟어요,1
1038,제가 바라던 호박고구마는 아니지만 약간 꿀고구마같아요 그래도 맛잇어요,1
1039,가는  고구마네요  손가락 보다 조금 큰 굵기삶아서  껍질 채 먹어야 될듯,0
1040,너므 느려서 답답 오늘도착이 일후 ㅠ ㅠ 맛은별루구요 사이즈는 좋아요,0
1041,고구마가   다 물러서 와써요   다처처처 버림신경 좀써주세요,0
1042,재구매에요 크기가 생각보다 크네요 맛있을거라고 기대합니다 ,1
1043,싸이즈 엄지손가락만함팔지도못하는고구마쓸어담아박스에담음이거 누가먹나요,0
1044,잘받았는데 재구매하면서 좀더큰걸로 줬으면 했는데 저번것하고 똑같이 작네요,0
1045,크기 신선도 맛 포장 배송 모두 좋은 상품입니다,1
1046,꿀고구마랑  밤고구마  특상으로 주문했어요까진것만골라 담아 보낸거 같음,1
1047,맛있고 상태가 좋았는데 잘못 보관했는지 금방 썩었네요,0
1048,이렇게 맛없는 고구마는 정말 처음이예요쓴맛심하고요암튼 너무 맛없어서 짜증나요,0
1049,꿀고구마정말 맛있습니다겨울철 가족들이 맛있게 잘 먹고있습니다,1
1050,많이 작아요 지금 오븐에 굽고있어요진짜 딱  산입 크기내요,0
1051,상한것 하나 없이 정상적인 깔끔한 상품이네요 재구매 할겁니다,1
1052,작년에 이어서 올해도 여기서만 사먹어요이 집 고구마가 제일 좋았어요,1
1053,정말 한 입 크기네요 작은 거는 밤톨만한 것도 있어요 그래서,1
1054,못난이들 종합세트 맛도 여러가지역시 동네에서 봉지씩 사 먹는게 좋아요,1
1055,일부 이런상태 입니다배송시 좀더  신경써주시면 감사 하겠습니다,0
1056,크기가 좀 작지만 고구마상태는 좋은거 같아요,1
1057,파품 시켜 먹었는데 의외로 당도도 엄청 높고 마음에 들어 증상으로 해주면,1
1058,애들이  먹ㅇ고 싶다해서  주문했어요맛있다네요다 먹ㅇ고  또  구매할께요,1
1059,특대킬로 주문해서 아직 먹어보지는 않았지만 다행히 썪은것없이 잘도착,1
1060,추가금 지불하고 중상 주문했는데 파지 같은 것 보내셨네요 맛은 양호,0
1061,맛있었어요근데 호박 고구마 시켰는데 밤 고구마랑 석여온게 아쉽네요,1
1062,맛나게 잘 먹고 있어요 고구마가 작은 사이즈들이라 더 좋아요,1
1063,깨끝하게 세척해서 보내왔네요 그리고 맛있어요 많이 파세요,1
1064,예쁜 꼬마 꿀고구마 받았어요에프에 구웠는데 맛있어요판매자님 감사합니다,1
1065,크기가 너무 좋아요제가 좋아하는 한입크기예요,1
1066,달고 맛있어요끝부분만 약간 안좋은데 대부분 상태 좋네요,1
1067,고구마가 정말 맛있어요 좋아요 다음에도 여기에서 주문할것 같아요,1
1068,고구마를 하면   주신다더니 받아보니 입니다,0
1069,맛좋은 고구마를 좋은 가격에 구매했네요 다 먹고 재구매할게요,1
1070,진짜 맛없고 가격에 비해 질도 않좋고 썩은것도 많이 나오네요,0
1071,이번 제품은 아주 맛있어요 앞으로도 계속 좋은 제품으로 부탁드려요,1
1072,썩은것이 넘 많아요ㅠㅠ 넘 작고요손가락크기정도요,0
1073,올들어 가장추운 날에 작업을 하셔서 택배님도 그리 빨리 문앞배송 주셨네요,1
1074,작은 약병보다도 작아요 이걸파나요이런게한입인가요이게뭐죠 당황스러워요,0
1075,시중에 한입고구마라고 피는 것보다는 조금 더 크고요 맛도 달아요,1
1076,바로 삶고 있는 중입니다  깨끗하니 손질해주셔 너무 고마워요,1
1077,고구마 맛좋고 배송도 빠릅니다 고맙습니다 다 먹고 또 주문할게요,1
1078,꿀고구마를  박스 주문 긴특중간사이즈,1
1079,직 맛보기 전이지만 맛있을것 같네요 괜찮으면 재구매 예정입니다,1
1080,크기도 적당하고 맛있어요 만족합니다,1
1081,맛있고 크기도 적당하고 좋아요 다시 구매 의사 있어요,1
1082,가격에 비해 너무 좋아요 달고 꿀 고구마에요  감사합니다,1
1083,생각했던거 보단 크기가 좀 작아요  맛은 좋았음 합니다,0
1084,그래도 기분은 좀 그렇네요요즘 배송이 늦어지고 춥다보니 그러려니 할께요,0
1085,쪄서 보관했다 먹어요 고구마가 심이 많고완전꿀고구마는 아니예요,0
1086,섬유질이 많아 먹을수 없는것도 있지만 가격대비 괜찮아요,1
1087,쫌 작다 생각했는데 껍질째 한입 먹기 딱 좋은 크기네요,1
1088,두번째 구매 밤고구마보다 꿀고구마가 더맛나네요  잘먹을께요,1
1089,고구마 달고 맛있어요 밤고구마 꿀고구마 섞여있구요 잘먹을께요,1
1090,크기도  한입크기로 적당하고 맛있어요,1
1091,젖어서왔고 하루지나니 물렁해지고이틀뒤부터 썩기시작해서 못 먹었어요,0
1092,추운날씨라 배송중 얼었나봐요미련 남아서 다 삶아봤는데반이상은 버렸네요,0
1093,고구마가 많이 썩어 있었어요 그래서 그런지 쓴맛도 많이 나요ㅜㅜ,0
1094,크기는 아주 작고 상태도 그냥 보통입니다,0
1095,한입 크기 닥이여요당도구울때 안이 너무촉촉해요,1
1096,에어프라이기에 구워먹으려고 한입만 사게되네요달고 맛나요,1
1097,먹어보진않았지만 상태는 깨끗하고 아주좋아요,1
1098,는 상했어요 ㅠㅠ 나머지는 다른 상자에 옮겨 다행이네요,0
1099,마트서파는한입짜리보다 큰게많아요 썩은게 좀있어요 잘라내고 익혀얄듯,0
1100,잘받았습니다 고구마 한입크기 입니다 생각보다 작네요,1
1101,너무 맛있어요  너무작아요   근데 맛있어요  재구매 할께요,1
1102,달고 맛나네요 한입거리긴 한데 에어프라이기 돌려서 더 꿀맛,1
1103,받았을때 놀란게 깨끗하게 세척이 되어서 왔네요  왜,0
1104,정상품으로 보내 주셔서 고맙습니다맛과 질이 우수합니다,1
1105,배송빠르고맛도달고싸고맛있어요다먹고재구매하겠습니다,1
1106,맛있는 거 같아요 약간 걱정하긴 했는데 괜찮은 거 같아요,1
1107,부모님께서 아주 좋고 맛난다 하시네요다먹고 또 주문 할께요,1
1108,ㅠㅛ면에 스크래치가 많이 있네요 바그스를 빼면 이 안되네요,0
1109,작지만 단단하고 맛있는 밤고구마 판매자님께 감사드림,1
1110,배송도빠르고 가격도저렴해서 조아요,1
1111,적당한  크기에 맛도  좋고 먹기도 좋습니다,1
1112,배송이 아주 빠르고 고구마도 한입에 먹기 좋아요,1
1113,한입크기지만 너무 좀 작아요그래도 맛은 짱 좋아요,1
1114,한입 크기를 더 좋아해서 저는 먹기 편하네요,1
1115,배송빠르고 맛있어요 상태도 괜찮아요,1
1116,꿀고구마를 주문했는데 섞여서 온 것 같네요그래도 맛있어요,1
1117,구워먹기 좋은 사이즈 탱탱하고 좋은 고구마 잘받았어요,1
1118,선물했는데 껍질까진것이 많다고 하는데 맛은 엄청 달다고 하네요,0
1119,아주 싼값에 잘 산것 같습니다 고구마 씨알이 작은게 아쉽지만,1
1120,사이즈도 딱이고 오자마자 쪄먹엇는데넘 맛있어요 ,1
1121,상품평 보고 샀는데 크기도 들쑥날쑥 썩은것도 있고요,0
1122,상태 좋구 맛있게 잘 먹는중입니다 재구매할게요,1
1123,무른게개밑어깔려있네요  맛은아직요  작업할때선별잘해서보내주세요,0
1124,너무 큰거보다는 적당한 싸이즈라 좋고 맛있으면 재구매할게요,1
1125,완전 망했어요 호박 고구마가 사과 큰것 처럼 생겼고 맛도 없고,0
1126,배송은 느리구요 가격도 저렴하니 좋아요,1
1127,고구마는 맛있고좋은데  금방썩네요 절반은 썩어서 버렸어요,0
1128,작아요 그래도 상태는 좋아요 먹어보진 않았어요,0
1129,맛도 없고 썩은맛도 나고 굵은 심도  있어요완전 잘못샀어요,0
1130,배송도빠르고맘에들어요배송도빠르고맘에들어요,1
1131,아주 좋은 고구마 보내주셔서 정말 감사합니다 잘 먹을께요,1
1132,사이즈도 괜찮고 썩은거 없이 잘 왔어요 맛있네요,1
1133,고구마 한입만 있는게 아니라 조금 큰것도 섞여있어서 좋아요,1
1134,배송도 아주 빠르고 맛이 정말 좋네요 강추,1
1135,가격 대비해서 괜찮습니다 맛있게 먹고 있습니다,1
1136,고구마 상태 양호하고 좋네요맛있어요,1
1137,고구마가 생각보다크네요근데 막달다 맛있다 그런건아니듯해요,0
1138,썩었고 슨맛나고 도대체 이런걸 왜 판매합니까 환불해주세요,0
1139,양도 많고 좋아요추천합니댜씻는데 시간이 걸리긴해요,1
1140,고구마가 생각보다 작아요 그런데 맛있어요 추천합니다,1
1141,상품상태가다듬는데 시간이더 걸림,0
1142,상태가 그냥그러네요ㅜㅜ부러진것도많이들어있고ㅜㅜ,0
1143,한입크기 소   너무 작네요ㅎㅎ맛은있지만요,0
1144,저렴한 가격에 구입했는데 많이 실망했습니다,0
1145,가격대비 좋아 보이네요  먹어보고 재구매할께요,1
1146,집으로 배송해주는 편리함 빼고는 고구마는 그냥그래요,0
1147,배송느림ㅠㅠ 밤고구마네요  단맛나는것도 있고 아닌것도 있고,0
1148,쪄먹지말고 무조건 에어프라이어로 구워드세요달고 맛있습니다,1
1149,정말 작고 덜 달아요 전혀 노란빛이 없어요 밤고구마 같아요,0
1150,깨끗하긴한데 너무 달다 느낌의꿀고구마는 아니였어요,0
1151,작지만 양많고군구고마 해먹으니달고 심도 별로없고맛있습니다,1
1152,크기가작고  구웟을때 진액이 흐르지않음 ,0
1153,작지만 깨끗하게 세척해서 보내 주어 좋았습니다,1
1154,맛도 좋고 싱싱해서 좋습니다 싸게 잇템 했습니다,1
1155,재구매 입니다 달고 맛있는데 썩은게 는 되네요,1
1156,진짜 작네요 껍질까다가 먹을것도 별로없어요 좀큰거 시키세요,0
1157,지금 굽고 있어요 한입크기인데 맛있길,1
1158,잘 먹겠습니다 하지만 크기가 너무 천차만별,0
1159,튼실한 고구마가 왔어요달달하니 맛있으면좋겠네요,1
1160,고구마 굽굽집콕 간식으로 구입했습니다맛있어요,1
1161,호박 고구마 인거 같네요 딱 한입 크기네요,1
1162,맛있네요 구워먹어도 맛있고 삶아 먹어도 맛있고요,1
1163,맛이 괜찮네요 애들이 먹기 좋은 크기네요,1
1164,작지만 맛있어요 구워 먹으니 빨리 익어서 좋아요,1
1165,고구마 상태가 양호 하고 맛 좋네요,1
1166,작은데 깨끗하고 간식으로 먹기 괜찮아요,1
1167,딸이 다이어트하느라고 사달라고 해서 구입했어요맛있대요,1
1168,맛있게 잘 먹고 있는 중 가격대비 좋아요,1
1169,한놈 썩었는데 다른 것들은 크기도 일정하고 좋아보여요,1
1170,미니오븐으로 고구마스틱 만들어는데 너무 맛있어요,1
1171,배송은  빠르나   크기가 작아요,0
1172,크기는 중상치고 기대에 못미침맛은 보통,0
1173,배송도 빠르고 제품도 만족합니다,1
1174,고구마가 넘 귀엽네요 작아도 심이없어서 별 개드려요,1
1175,먹어보지는 않았지만 품질이 좋다고 하시네요,1
1176,크기가 넘 작아서 좀 놀랐는데 맛있어요,1
1177,한입 고구마 상한거 없이 와서 좋아요또 구매하겠습니다,1
1178,크기가작아 삶을때 빨리익네요 달고맛나요,1
1179,고구마가 꿀입니다크기는 작지만 먹기좋아요,1
1180,크기가 너무작아요 고구마는 맛있ㅇㄱ요,0
1181,배송도  빠르고  가성비  짱  부자되세요,1
1182,상태는 최상맛은더더더 최상입니다,1
1183,작아도 깨끗하고 예뻐요 달고 맛있어요,1
1184,에어 프라이에 깨끗이 씻어 구워 먹는 맛이 일품이군요,1
1185,아직 먹기전입니다삶아놧는데가격대비 조아요,1
1186,한입사이즈 먹기좋고 맛도좋아서 재주문했어요ㅋㅋ,1
1187,가격대비 만족스러운 상품 입니다,1
1189,엄청달고크고맛있어요또구매하고싶어요사장님정직하게파시네요,1
1190,작은 사이즈는 정말 작네요ㅎㅎ큰거 사먹어도 될듯,1
1191,크기는 한입이지만 맛있는 고구마입니다,1
1192,적당한 크기면 좋을텐데 너무 작아요  ㅠㅠ,0
1193,세번째주문입니다  맛있어서  계속  주문하게 되네요,1
1194,밤고구마 주문했는데  완전히 호박고구마 맛이네요,0
1195,생각보다는  크기가작지만 달고 맛있어요,1
1196,생각보다 작지만 가격 대비 나쁘지 않습니다,1
1197,먹어봐야 알겠지만 좋은 가격에 잘 받았습니다,1
1198,고구마가 맛잇어요 크기가여러가지섞여잇네요,1
1199,맛 있지만 중상 사이즈가 너무 작아 실망이네요,0
1200,가격대비 만족괜찮습니다,1
1201,고구마  너무너무  맛있어요다음에  또 주문할게요,1
1202,저번에는 긴것만 왔는데 이번에는 통통한게 와서 좋네요,1
1203,검은 반점이 많이 생기고 고구마 양끝이 빨리 썩내요,0
1204,썩었어요 제가 몇일있다꺼내서 그런건지 절반이상 버렸어요,0
1205,고구마 상태도 좋고  맛도 맛있어요,1
1206,날씨가 많이 추운날 시켜서 그런지 몇개가 얼어서 왔네요,0
1207,아직 먹어 보지는 않았는데 상태는 좋아요,1
1208,마싯게 먹었어요가격도 싸고 담에 또구매예정,1
1209,아주좋은 선물 감사합니다 그리고 또 다른 이벤트 있나요,1
1210,박스에 흙이 줄줄 좀 털어서 가져다 주시지그래도,0
1211,당도가 약하고 섬유질이 너무 많아서 씹을때 걸리네요,0
1212,고구마 잘 받았습니다 맛있게 잘 먹고 있어요,1
1213,앞전에 딴업체에 한입고구마 시켯엇는데 온통흙에다가,0
1214,상태는 좋으네요 감사히 잘 받았습니다,1
1215,고구마 맛은 있는데 밤고구마가 아닌 것 같아요,0
1216,밤고구마 신청했는데  아니네요     맛이 별로에요,0
1217,지인한테보내주고칭찬받았어요넘맛있다고강추합니다,1
1218,괜찮아요  심지도 있는건 있고 없는건 없고 맛좋아요,1
1219,한입첨주문했는데역시나아니네요비싸더라두좋은거사야할듯,0
1220,아주 만족합니다   적극 추천합니다,1
1221,고구마 에프에구우려고일부러 작은거삿어요 맛있네요,1
1222,고구마 꿀고구마가 맞네요 ㅎ  달고 맛있어요,1
1223,진짜 한입인데  꿀이라고  시켰는데  다 호박이네요,0
1224,맛있네요  잘 먹겠습니다  감사합니다  번창하세요,1
1225,번째구입인데 오늘삶으니저번맛이 이린거도 같고 맞겟죠,0
1226,통통하니 감자 같지만 맛있는 고구마네요,1
1228,크기도 알맞고    썩은것없이  좋아요,1
1229,달고맛나요며칠만에 썩었어요보관 더 잘하려고요,1
1230,좋아요 근데 가격이 조금 내렸네요 ㅠㅠ,1
1231,꿀고구마 주문했는데 밤고구마가 왔네요 ㅠㅠ,0
1232,저렴하게 맛난 고구마를 풍성히 구매했어요,1
1233,괞찮아요 특별히 아주 맛있지는 않은데 먹을만해요,1
1234,맛있고  크기도 생각보다 적당해요,1
1235,크기도 좋고 상태 좋네요,1
1236,고구마 속에 심이 너무많아서그리고 달지도 않고,0
1237,지금까지 한입고구마 샀지만 이건 아니지 싶어요,0
1238,크기는 작지만 맛은 괜찮을것 같아요,1
1239,배송가격 상태 좋네여,1
1240,맛있네요 잘 먹겠습니다  감사합니다  번창하세요,1
1242,양이 많아서 만족합니다 감사합니다,1
1243,박스 구매했는데 박스에 썩은게 개정도 있네요,0
1244,고구마가 상태도 좋고 맛있네요,1
1245,배송 빠르고 달게 아주 잘 먹었습니다,1
1246,배송도 빠르고 가격대비 좋아요,1
1247,크기가 적당하고 맛이 좋네요,1
1248,가격대비 만족해요  ㅎㅎ,1
1249,크기가 랜덤이군요 그러나 맛있읍니다,1
1250,배공이 너무 느려요ㅡ같은날 시켰는데이틀 더 늦엇어요,0
1251,꿀고구마로 정말 맛있어서 계속 구입하는 상품임,1
1252,싼게 비지떡ㅜㅜ 에어프라이돌렸는데도 자체가맛이없음,0
1253,고구마 상태가  그닥  좋진않네요,0
1254,사이즈적당하고 아직 먹어 보진 않았어요,1
1255,배송은 늦었고 크기는 많이 작아요,0
1256,썩은 고구마가 개있고 몇개는 부러져서 왔어요,0
1257,원 더주고 삿는데 중상이 아니라 하품이네요,0
1258,돌아가신 할머니가 밭에서 캐주던 그 고구마 맛,1
1259,달긴한데  식으면 딱딱해요  조금 큰거사야 할듯,0
1260,고구마가 달고 맛있네요후기보고  잘 산듯요,1
1261,고구마가 잘라보면 죄다 썩어있어요조치바랍니다,0
1262,고구마가 작은데 달고 맛있어요 감사합니다,1
1263,작지만 맛은 좋아요 저렴하게 잘 삿네요,1
1264,만족합니다 만족합니다,1
1265,간혹 썩고 작은게 있고요 맛은 그리 달지는 않아요,0
1266,배송도빠르고 맛도있고 정말재구매각입니다,1
1267,먹기 좋은 크기여서 잘 먹을것 같아요,1
1268,계절탓인지 심지가 약간 있지만 맛은 괜찮습니다,1
1269,아주빠르게 도착했어요맛도 좋네요 ㅎ ㅎ,1
1270,이사이즈들은 어떻게 먹는지껍찔째 먹나요,1
1271,잘먹을게요 달아요크기는 완전 작아요,1
1272,자주 구매하는데 저번꺼랑은 다른 사이즈,1
1273,너무크네요 담에한입크기로주문할께요,1
1274,가성비 좋아요 사업번창하세요,1
1275,맛있네요크기적당하구요잘먹을께요,1
1276,완전 큽니다  삶고있는데  맛있길  기대해요,1
1277,고구마 정말 좋아해서 여러곳에서 시켜먹어봤는데,1
1278,잘 받았습니다 많이 많이 파세요 부자되세요 ㅎㅎ,1
1279,크기도 적당하고 맛있어보이네요,1
1280,양은 많고 맛은 중간정도라 평가하고 싶네요,1
1281,점박이 고구마는 처음 구매했는데단맛이 강해요,1
1282,조금 작지만 싱싱하고 달고 맛있어요,1
1283,지난번보다 더 가늘고 말랐네요맛은 괜찮은데,0
1284,찌는중인데맛난 냄새가 솔솔 나서 기대되네요,1
1285,날씨가 추워 빨리 상한 모양임 번째인데,0
1286,신문지깔고 말렸는데도 반은 썩어서 버렸어요ㅜㅜ,0
1288,한입크기시켰는데 많이크네요,0
1289,밤고구마라도 되게달고 쫀득하니 맛있어요,1
1290,작아요너무맛나요 구워주니 애들이더잘먹네요,1
1291,별로 맛은 없네요꿀고구마라고해서 샀는데,0
1292,손가락만해서 진짝 한입에 들어가요 맛있네요,1
1293,크기가 생각보다 작지만맛은 좋습니다,1
1294,신선하고 깨끗해요 진짜 달아요,1
1295,고구마 가 썩은 게 많아서  버리은게 많내요,0
1296,좀 작긴하지만 그런데로 만족요,1
1297,맛있는 고구마 저렴하게 잘샀어요,1
1298,고구마가 너무않조아요상한게  많아서  ,0
1299,자주 구매하는 고구마 빠른 배송 감사합니다,1
1300,맛있어요 이렇게길쭉한고구마는 처음봄니다,1
1301,배송빠르고 만족합니다,1
1302,한입 먹기에 딱 좋은 크기에,1
1303,정말로 좋아요 달고 가성비 끝 판 왕임니다,1
1304,맘에 들어요 저렴하게 구입 맛도 좋네요,1
1305,고구마 상태 좋고 맛있어요,1
1306,손가락보다 얇은 것들은 구워도 삶아도 심뿐이고,0
1307,배송은 빠르고 좋은데 맛은 별루에요,0
1308,잘 받았구요 저는 만족합니다,1
1309,상한거없이 조은데 섬유질인건가 질긴부분이잇어요,0
1310,고구마 크기도 적당하고 좋아요,1
1311,고구마 상태가 좀 그래요,0
1312,에어프라이에 구어먹기 딱좋은 사이즈,1
1313,크기는 작아도 정말 꿀처럼 달아요,1
1314,두번째 구매인데  너무 맛있어요또구매할께오,1
1315,좋은데 밤고구마시켰는데 호박이 왔는데 걍먹음,0
1316,가격도 저렴하고 맛도 좋아요,1
1317,저렴하게 잘샀어요 고소하고 맛나요,1
1318,크기는 작아요 하지만 달고 싼 편,0
1319,달고 한입크기라 머기에 딱이네요,1
1320,좋아요최고에요괜찮아요거제도 풀빌라 펜션칸,1
1321,가격대비 만족합니다,1
1323,싱싱하긴 한데 당도가 좀 덜합니다,0
1324,제품좋고요 배송도 만족입니다,1
1325,꿀고구마 밤고구마 특상으로 주문했어요,1
1326,배송  되었어나  고구마 가  너무 작아요,0
1327,달고 맛은있는데 썩고 상처난게 좀있네요,0
1328,가격대비 좋은상품입니다 감사합니다,1
1329,싱싱하고 맛있어요 잘먹고 있습니다,1
1330,크기도 적당하고 당도도 좋아,1
1331,달고맛있어요 상태도 좋네용,1
1332,저렴하게 잘 구애했어요상품 좋아요,1
1333,돈보다 신용입니다 이런것 보내고 잘될까요,0
1334,배송은 좀 늦네요 조그만게 달고 맛나네요,1
1335,가급적 빨리 드세요 몇 일 사이에 썩네요ㅜㅜ,0
1336,보통입니다 첨엔 너무 좋아서 재구매 했습니다,0
1337,여기서 고구마 여러 차례 구매하고 있어요,1
1338,한입치고는  너무 작네요맛있어서  다행,0
1339,크기도 괜찮고 맛도 괜찮아요,1
1340,배송도 빠르고 상품도 조아요,1
1341,색깔 만 좋고 맛없고 검게 씹히는게 있어요,0
1342,꿀고구마 주문했는데 박중 개만 좀크고,0
1343,한입인데 사이즈 괜찮게왔어요ㅋ,1
1344,배송만족 작지만 맛있어요,1
1345,크기가 엄청 작네요 한입,0
1346,흙이 묻은 채로 포장됨 맛은 ,0
1347,크기는 엄청 작은데 맛은좋아요,1
1348,한입 크기로 길쭉하니 좋아요,1
1349,맛있고 좋은 꿀고구마가 와서 좋아요,1
1350,결코 작지 않아요 굽기도쉽고 맛도 달콤,1
1351,가격 저렴하고   ,1
1352,잘 받았습니다 많이 많이 파세요 부자되세요,1
1353,좋은 상품 배송도 빠르고 좋아요,1
1354,고구마 상품의 가치을 접었다고나 할까ㅠㅠ,0
1355,고구마 잘 받았습니다달고 맛있네용,1
1356,맛은 좋은데 생각보다 작고 좀 지저분하네요,0
1357,배송도 참빠르네요 감사합니다ㅎㅎ,1
1358,맘에 들어요 맛있네요번창하세요,1
1359,상태도 좋고 맛도 괜찮아요,1
1360,넘 작아서 좀 그렇고 큰걸 살거 그랬어요,0
1361,크기는 좀 잘지만 맛은 좋아요,1
1362,모양과 크기가 제각각이네요,0
1363,배송도  맛도  다  만족함,1
1364,정말작네요 상태는 좋아요,0
1365,한입에 쏙 들어가니 좋고 맛또한 좋네요,1
1366,지난번에 맛있게 먹어서 다시 주문했어요,1
1367,맛이별루요 호박 고구마가 젤 맛나는듯,0
1368,애들이 잘 먹고 있어요  맛있어요,1
1369,외관 상품성은 괜찮으나 맛은 중간,0
1370,슨삭 했네요 쪼만 하지만 달고 맛있어요,1
1371,한입싸이주이고 작은거랑 살짝큰거랑 있네요,1
1372,호박 밤 고구마 달콤하고 맛있어요,1
1373,꿀 고구마 시켰는데 호박 고구마로 온거,0
1374,좋아요 최고에요 만족합니다,1
1375,귀엽고 맛있어요 사무실 간식입니다,1
1376,맛도 있고 좋네요 만족합니다,1
1377,고구마는 꼭 숙성해서 먹어야되겠더라구요,1
1378,온가족이 좋아해서  자주 구매할거예요,1
1379,충분히 알차게  먹을 수 있을 듯 하네요,1
1380,완전 귯 달고 상태 베리굿,1
1381,달고 한입크기라 먹기편해요,1
1382,고구마 크기가 다양해요,1
1383,세적 안하고 보내 주셔으면더좋을것같군요,0
1384,그럭저럭 괜찮아요,0
1385,가격도 좋구 맛도 아주 좋아요,1
1386,상품배송 모두 만족합니다,1
1387,생각했던 사이즈보다 너무 크네요,0
1388,쪄 먹는거보다 구워 먹으니까 맛있네여,1
1389,맘에듭니다 밤고구마같은 맛갸우뚱,1
1390,옥션 쿠폰 덕분에 저렴하게 샀어요,1
1391,호박고구마 달고 맛있게 잘 먹었어요,1
1392,먹지는 않았지만 고구마가   좋네요,1
1393,베송도 빠르고 알도 적당해요,1
1394,썩은 고구마가 정도나  들어있어요,0
1395,상품의 질이 좋지않음물렁한것이  많음,0
1397,이게 중상제품 상태인가요,0
1398,크기도 크고 맛도 괜찮아요,1
1399,밤고구마는 아니지만 달고 맛있습니다,1
1400,좋은 물건 왔내요 자는 또구매 해볼라고요,1
1401,배송 빠르고  맛도 괜찮네요,1
1402,아주 좋아요 만족합니다,1
1403,택배수령즉시의 사진 기분이 안 좋아음,0
1404,제품 훌륭합니다 빠른배송 감사합니다,1
1405,고구마 좋아요 가격이올랐네요,1
1406,다 버런네요 썩어서  보관방법 해주세요,0
1407,맛은 있는데 넘작고 먹기 불편해요담에는,0
1408,배송이늦어져  취소했는데  오늘  왔네요,0
1409,한정특가 년산 꿀고구마맛나요,1
1410,상태는 좋은데 정말 작네요,0
1411,싱싱하고 가성비 괜찮네요,1
1412,꿀 키로 특대맛있으면 좋겠네요,1
1413,빠른배송고구마 좋아요잘먹을게요 ,1
1414,생각보다 크기도 괜찮네요,1
1415,고구마 아주 만족합니다,1
1416,한입 크기로 먹기좋아요,1
1417,가격저렴하고맛나요,1
1418,꿀고구마를   시켰는데 오늘도착했어요,1
1419,호박은아닌거같아요  그래도 맛있어요,1
1420,맛있다네요신선하데요감사합니다,1
1421,밤고구마로 시켰는데 아주 맛이 좋아요,1
1422,가격착하고 맛이  있네요,1
1423,정말 꿀고구마네요 감사합니다 ,1
1424,고구마 크기도 적당하고,1
1425,윗부분은 좋아보이네요 먹어보고 괜찬으면,1
1426,저번에 맛있게 먹어서 또 구매했어요,1
1427,사이즈가 각각  길거나 못생긴,0
1428,맛은잇어요크기가 넘작아여,0
1429,중상시켰는데 한입크기네요,1
1430,상태 좋고 잘받았습니다,1
1431,모양은  그렇지만  달고 맛있네요,1
1432,고구마가완전썩었네요다시는주문하지마세요,0
1433,신신당부 했는데아쉬운 마음이 듭니다,0
1434,속살 보세요 냄비에 구웠는데 맛잇음,1
1435,제품도 배송도 만족합니다,1
1436,크기는 작은거라 먹기좋네요,1
1437,맛도 좋습니다사이즈도 좋고,1
1438,가격도 착하고 좋아요,1
1439,호박고구마보다는 밤고구마 같아요,0
1440,맛있고 저렴하네요다음에도,1
1441,단거안단거 섞여있는데 대체로 맛나요,1
1442,달콤하면서    부드러운 식감이 네요,1
1443,작아도 깨끗하고 맛있네요,1
1444,빠른배송 상태굿굿 입니당,1
1445,자잘하지만  썩은거 없이 잘왔어요,1
1446,고구마 잘받았습니다 추천합니다,1
1447,작은 것 중간 것 섞여 있어요,0
1448,밤고구마아니네여찐득거려요,0
1449,달고 아주 아주 맛이 일품 입니다,1
1450,너무 작은 사이즈의 고구마,0
1451,여기서처음시켜봅니다고구마는맛이있어요,1
1452,무척 작지만 가성비 굿입니다,1
1453,빠른배송감사해요  맛있게 먹을께요,1
1454,만족합니다 배송도 빠름,1
1455,먹고 또 구매했습니다 맛있어요,1
1456,구워 먹으니 맛있어요 많이 파세요,1
1457,고구마가 실해보여요 맛있겠네요,1
1459,배송 빠르고 상품도 좋아요,1
1460,광파오븐에 구웠더니 촉촉한군고구마,1
1461,번째주문인데요  작아도 맛있어요,1
1462,만족합니다 맛있어요,1
1463,배송도 빠르고 맛있어요,1
1464,정말맛있게먹었어요 재구매 할려구요,1
1465,에어프라이에 꼭 맞는 사이즈,1
1466,고구마가 약간 얼어  쓸모가 없어요,0
1467,맛없고 상태도 안좋아요,0
1468,저렴하게 잘 샀고 맛있어요,1
1469,상품은 괜찮네요 배송은 좀 느렸어요,1
1470,배송은 빠르게 왔고 좋아요,1
1471,밤고구마에 가깝고 달고 맛있어요,1
1472,한정특가고구마 맛나요 좋아요,1
1473,작은 사이즈가 껴 있습니다,0
1474,한입에 먹기 딱이예요감사합니다,1
1475,고구마가 개중 개는 못먹어요,0
1476,꿀맛같이 달콤해서 맛있어요,1
1477,구매한 고구마 잘 받았다고하네요,1
1478,밤고구마을 좋아하는 우리집 영감님,1
1479,밤고구마시켰는데 밤은아닌듯 달아요,0
1480,그동안 사 먹은 고구마중 최고,1
1481,맛 있어요   좋아요  강추합니다,1
1482,캠핑가서 구워먹으니 넘 맛 있어요,1
1483,상한거 두알 말려서 보관해요,0
1484,배송도 빠르고 맛나요,1
1486,달고 맛있다하네요 감사합니다,1
1487,작아도 너무작고 무슨 쓰레기도아니고,0
1488,배송도 빠르고 맛도좋아요,1
1489,저렴하고 문앞배송이라 좋아요,1
1490,밤고구마 호박고구마 섞여있네요,0
1491,달아요꿀상한것두없었구  최고,1
1492,구매후  썩은 부위가  많았습니다,0
1493,배송빠르네요 잘받았습니다,1
1494,숙성 시키면 더 맛있을듯 해요,1
1495,크기 적당 맛있어요,1
1497,상품배송 만족합니다,1
1498,잘받았습니다 잘먹을게요 맛있어요,1
1499,맛있어요 쪄서먹으니 아주 달아여,1
1500,모량이 갈쭉하네요 얼지않고 좋아요,1
1501,에어프라이어에 돌려서 군고구마로굿,1
1502,고구마 넘 달아요 근데 좀 작아요,0
1503,잘받았습니다 꿀고구마는 아니네요,1
1504,고구마가 달달하고 맛있네요,1
1505,달고 맛있어요 추천합니다,1
1506,감사합니다 잘먹겠습니다 부자되세요,1
1507,맛잇어요  만족해요,1
1508,달고 맛있어요감사합니다,1
1509,깨끗하고 달고맛나요,1
1510,다 먹었구요맛있어요 꿀고구마,1
1511,저렴하고 좋아요 잘먹을께요,1
1512,가족들이 다들 맛있다고하네요,1
1513,시식전이지만 아주 좋아 보입니다,1
1514,썩은게  좀있네요   개중개,0
1515,착한가격에잘 먹겠습니다,1
1516,배송 빠르고 좋습니다,1
1517,두번구매모두맛있게 잘먹었습니다,1
1518,감사합니다 강력하게 추천합니다,1
1519,달고 맛있습니다 크기도 적당,1
1520,가격이  엄청  싸네요,1
1521,고구마가모양도이쁘고맛있어요,1
1522,맛있는데 보관을 잘못해서 ㅜㅜ,1
1523,에어프라이에돌려먹으니 맛있네요,1
1524,고구마가 너무 작은게 많더라구요,0
1525,겉은 멀정한데 속은 상한거 ,0
1526,맛있습니다 다 먹고 또 살게요,1
1527,일부러 작은걸 시켰는데 괜찮네요,1
1528,고구마 만족합니다,1
1529,배송빠르고 맛있어요,1
1530,좋아요 딱좋은크기네요,1
1531,이번 고구마는  찐 맛있네요,1
1532,맛있어요 잘 먹을게요  좋아요,1
1533,맛이 있어요 건강하시길 바랍니다,1
1534,배송만 빠르면 종겠네요,0
1535,배송이 빠르면 좋겠네요,0
1536,맛은 좋은데 오래 보관이 안되네요,0
1537,달고맛있어요 크기도 딱좋아요,1
1538,날씬해서 쪄서 먹는데 맛은 있어요,1
1539,한입이 바뀌었나짜투리만 왔네,0
1540,배송빠르고좋아요,1
1541,가격대비 적당한듯요,1
1542,가정에서 먹기 아주 좋아요,1
1543,맛은 안봤지만 너무 자잘하군요,1
1544,맛 있어요 담에 재구매 예정,1
1545,작지만 야무지고 맛있습니다,1
1546,꿀고구마시켜먹었더니맛있어서,1
1547,생각보다 너무 자잘해서 ,0
1548,고구마 맛있네요 감사합니다,1
1549,품종이 다른 것들이 섞여 있어요,0
1550,고구마 썩을까봐 다 삶았네요,0
1551,별로 안달아여 ㅠ 후숙해봐야하나,0
1552,맛나게 잘 먹을게요,1
1553,상품 만족합니다,1
1554,반은 버렸어요   싼게 비지떡,0
1555,여기서 맛나게  먹구 있네요,1
1556,한입 크기라좋아요,1
1557,배송이정말 빠르네요,1
1558,고구마좋아하는데만나게잘먹었어요,1
1559,밤고구마 퍽퍽한게 좋아요,1
1560,특상인데 별로 크지 않네요,0
1561,달고 맛있고굵고 좋네요,1
1562,작지만달고맛있어요추천,1
1563,고구마 맛나네요,1
1564,절대로 밤고구마로 보내달라고,0
1565,고구마 달고 맛나네요,1
1566,맛있어요 최고에요 짠짠,1
1567,빠르고 좋아요 ,1
1568,강추  강추  완전 좋아요,1
1569,호박고구마로 잘못 온 듯,0
1570,상품 좋습니다 맛있어요,1
1571,만족해요,1
1572,배송 빠르고 좋네요,1
1573,아주 만족합니다,1
1574,작지만 맛있어요 감사합니다,1
1575,맛있고 실하네요 감사합니다,1
1576,저렴하고 맛있어요,1
1577,밤고구마 완전 꿀맛입니다,1
1578,맛있어서 재구매 해요,1
1579,맛있게 잘 먹고 있어요,1
1581,상품도 좋고 맛있어요 ,1
1582,생각했던 밤고구마는 아니에여,0
1583,자주찾는곳이에여ㅎㅎ 맛나요,1
1584,상태 좋습니다,1
1586,가격대비 너무잘아요,1
1587,꿀 고구마크고 좋아요,1
1588,넘 작긴하데 그래도 맛나요,1
1589,조야요 꿀이네요 감사합니다,1
1590,아직못먹었지먀 품지롷아보여용,1
1591,고구마 잔뿌리가 좀 많은데,0
1592,가격 대비 좋아요,1
1593,와우 맛있게 먹고 있어요,1
1594,저렴하게 구매했습니다,1
1595,재구매인데 직전꺼보다,0
1596,잘받았어요 맛있어요 ,1
1597,진짜 엄청 부드럽고 달아요,1
1598,사이즈가 넘 작아요,0
1599,좋아요저렴하고 좋아요,1
1600,조금더 통통했으면 좋았겠어유,1
1601,가늘긴  하지만 맛은 좋네요,1
1602,고맙습니다 잘 먹겠습니다,1
1603,너무너무 맛있어요 ㅎㅎㅎ,1
1604,달고 맛있다고 하시네요,1
1605,배송빠르고잘샀어요,1
1606,꿀고구마 아주 맛있어요,1
1607,가격대비 별로여요,0
1608,조아요조아 잘산것 깉아요,1
1609,세상 에나  너무 맛있어,1
1610,부모님께 사드렸는데 혼났어요,0
1611,아주맛있네요 잘먹었습니다,1
1612,완전 달달해욯ㅎ맛있어요,1
1613,배송이 느리지만 잘 먹을게요,1
1614,잘지만 맛나요,1
1616,심지도 없고  맛나네요,1
1617,저렴하게잘구매했어요,1
1618,만족 합니다,1
1619,밤고구마를 구매했는데요,0
1620,완존 조아요 굿입니다,1
1622,정말 맛있ㅅㅂ니다,1
1623,당도도 좋고 맛도 좋아요,1
1625,고구마 달고 맛있어요,1
1626,촉촉하고 달고 맛있음,1
1628,고구마 맛있습니다,1
1629,맛도크기도조아요 강추,1
1630,고맙습니다 잘먹겠습니다,1
1631,파품이 정품보다 맛있음,1
1632,심부름 해준거라 꿀고구마,1
1633,한입이지만  너무 작네요,0
1634,아주만족해요,1
1637,와우꿀고구마달달이최고,1
1638,고구마가 뒤죽박죽이네요,0
1639,많이 파시고 부자 되세요,1
1640,정말 달고 맛있네요,1
1641,맛있지만 배송이 늦음,0
1642,호박 고구마 주문했는데,0
1643,고구마정말 맛있어요,1
1644,고맙습니다잘 먹을께요,1
1646,특상이라 알은 좋은데,0
1648,고구마 맛있습니닷ㅈ,1
1649,너무 달아요심지도 없고,0
1650,고구마 받고 바로 후기,1
1651,맛있읍니다 감사합니다,1
1654,깨끗하고 좋아요,1
1655,밤고구마고 맛있어요,1
1656,잘 먹을게요 맛있네여,1
1657,맛나게 잘 먹고있어요,1
1658,꿀고구마는 그저그렇네요,0
1659,밤고구마는 먹을만하구요,1
1660,맛있네요 잘 먹을께요,1
1661,크기도 짱,1
1662,싸게맛있게잘먹고있슴당,1
1663,자아요 좋아요 너무좋아요,1
1664,싸게잘샀어요 고구마짱짱,1
1665,호박고구마 같아요 ,0
1667,고맙습니다 잘쓰겠습니다,1
1668,달콤하고 맛 있네요,1
1669,고구마가 수분이 적고,0
1670,중대를 주문했는데 너무,0
1672,맛있게 먹고 있어요,1
1673,맛있어요 감사합니다,1
1674,맛있게 잘먹겠읍니다,1
1675,점박이라 살짝걱정했는데,1
1676,배송 빠르고,1
1677,맛나요 굳 커서좋음,1
1678,군고구마 맛있어요,1
1679,밤고구마진짜맛나용 ㅎ,1
1680,대박 너무너무 좋아요,1
1683,받으시면 숙성필요해요,0
1684,섥은고구마거의다버림,1
1685,진짜  맛있네요,1
1686,훌륭한 상품입니다,1
1687,단맛이 약간 부족한듯,0
1688,밤고구마 가아니네요,0
1689,고구마 매우 달아요,0
1690,달고맛있어요,1
1691,손가락 굵기 네요,0
1693,작아도 맛있어요,1
1694,굴 고구마 맛잇어요,1
1695,전밤고구마를시켯는데,1
1696,간식거리로 좋음,1
1697,한입거리로 구입,1
1698,작아도 넘작음,0
1699,만족,1
1701,맛나네요,1
1702,고구마맛나요,1
1705,일부 상한게 있네요,0
1706,맛있고  좋아요,1
1707,적당히 맛있어요,1
1708,밤고구마 같아요,1
1709,조아요 ,1
1710,완전 꿀 고구마,1
1711,고구마 맛잇어여,1
1712,엄마가 괜찮데요,1
1714,아주 맛있어요,1
1716,보내주신 고구마,1
1717,꿀고구마 맞아요,1
1718,정말 맛있어요,1
1719,심이 너무 많음,0
1721,다상해서 왔어요,0
1722,맛있어요 ,1
1723,보통이여요,0
1724,꿀고구마샀는데,0
1725,좋은응대였습니다,1
1726,선물용구입,1
1727,나쁘지않았어요,0
1728,고구마좋아요,1
1732,맛있어오ㅗ,1
1734,맛있엏어요,1
1735,맛이조아요,1
1736,진짜 한입,1
1738,딱  한입,1
1739,보통입니다,0
1741,꿀맛나요,1
1742,맛있어용,1
1744,안조아요,0
1746,괜찮아요,1
1750,소소,1
1759,그냥그레요,0
1763,고구마,1
1764,보통요,0
1765,재궁새,1
1767,잘받았습니다잘받았습니다,0
1768,썩은 것 두개 엄청 작은 것 대여섯개,0
1769,빠른 배송  감사합니다,1
1770,맛잇길바랍니다많이파세요,1
1771,잘 먹겠습니다 감사합니다,1
1773,빠른배송감사합니다 맛은 아직,1
1774,상한거 없이 잘 왔어요 먹고 또 주문할께요,1
1775,좋은상품 감사합니다,1
1776,좋아요 좋아요 좋아요 좋아요 좋아요,0
1777,잘먹을게요 감사합니다,1
1778,작은데 맛이 있는 것도 있고 없는 것도 있어요,0
1780,역시 먹는건 조금 더 주고,1
1781,상품좋아요,1
1782,빠른배송감사합니다,1
1785,꿀까지 흐르는건 아니고 먹을만 합니다,1
1786,그냥   먹을께요   맛은 괜잖아요,0
1787,잘 받았어요받았어요 받았어요 받았어요,0
1788,아직 먹어보지 않아서 몰겠어요,0
1789,약간 상한것도 있고요,0
1792,그냥저냥 먹을만했어요,0
1795,감사합니다 잘받았습니다,0
1797,그닥,0
1799,좋아보이네요,1
1803,잘 먹고 있어요,1
1804,작긴 하네요,1
1805,잘 도착했구요맛은그닥 달지않아요,1
1808,재구매했어요ㅎ,1
1812,너무작아요,0
1814,완전달아요,0
1815,잘받았습니다 감사합니다 사업번창하셔요,1
1816,제품이 좋고 배송이 빠릅니다,1
1819,상품잘도착했습니다,1
1820,상품잘도착했구요 썩은게 좀있네요,1
1821,   ,0
1825,잘받았습니다 잘먹겠습니다,1
1828,감사,0
1831,작아요,0
1832,잘 먹을게요 감사합니다,1
1836,배송이너무느림,0
1841,맛도 있고 좋아요 감사합니다,1
1843,잘받았습니다 많이 파세요,1
1845,작아서 썩은부분 잘라내니 먹을께 없어요 안썩은건 달아요,0
1849,좋아요 잘 받았습니다,1
1853,네좋아요오,1
1856,상품 좋아요 잘 받았습니다,1
1858,ㅌ ㅋ ㅌㅋ ㅌ ㅌ ㅌㅌ  ㅌ,1
1859,엄청 달아요,1
1860,별로에요,0
1861,좋아요 빠른 배송,1
1862,알도 굵고,1
1865,많이달진않아요,0
1869,잘받았습니다감사합니다,0
1870,잘 받았습니다잘 먹을게요,1
1871,ㅋㅋㅋㅋㅋㅋㅋㅋㅋㅋㅋㅋㅋㅋㅋ,0
1872,맛이좋내요  많이들구매하세요,1
1873,ㅋㅋㅋㅋㅋㅋㅋㅋㅋㅋㅋㅋㅋㅋㅋㅋ,0
1874,역시  맛있어요,1
1875,정말 금방 썩으니 빨리 먹어야 할듯,0
1876,잘받앗어요,1
1877,작긴 하지만 맛은 좋습니다,1
1878,존마탱,1
1879,많이 작긴하네여,1
1880,감     사  합   니    다,0
1881,조으네요,1
1882,좋아보이고 몇개 작은거 있지만 ㅡ,1
1883,좋아보여요 작은게 조금씩 섞였네요,1
1886,잘먹고 있어요,1
1888,좀작네요,0
1889,ㄱㅈㄱㅊㄱㄷㄱㅌㄱㄷㄱㄷㄱㄷ,1
1890,잘받았어요,1
1892,ㅅㅅㅅㅅㅇㅅㅅㅅㅅㅅㅅ,0
1893,ㅅㅅㅅㅅㅅㅅㅅㅅㅅㅅ,0
1895,너무작은것들이 많네요,0
1898,흙이 많이 묻어있어요,0
1900,아직먹기전이지만좋아보여요,1
1902,보내주신것 잘 받았어요,1
1911,보기엔 너무 작아 보이는데 맛이 어떨지 잘 모르겠네요,0
1913,씨어서 구워먹기가 딱입니다,1
1914,재구매입니다,1
1920,고찮아요,1
1921,빠른 배송 감사합니다 ,1
1926,잘받앗습니다,1
1929,ㅠㅠ 맛이없다 그냥 먹어요,0
1933,잘먹었어요,1
1934,양도많고 삶아먹기 딱좋네요,1
1938,맛있어요 ㅎㅎ,1
1940,좋아요 감사합니다,1
1942,좋은 상품 잘 받았어요,1
1943,맛이 좋으네요   잘 먹겠습니다,1
1944,좋은 상품 받아서 너무 기분 좋네요,1
1945,좋아요 잘받았습니다,1
1946,재주문입니당ㅋ,1
1947,중 구매했는데 정말 작네,0
1948,맛은 있는데 너무 작아요,0
1949,좋아요 감사합니다 ㅎㅎㅎㅎㅎ,1
1951,섞여서 온 것 같네요,0
1953,잘받으셨데요,1
1954,먹어보고 또 시켰어요,1
1955,ㄶㅎㅎㅎㅎㅎㅎㅎㅎㅎㅎㅎㅎ,1
1958,너무 작은것이 있는 것이 흠인데 맛은 있어요,1
1959,너무 작은것도 있어요,0
1960,상한게 좀 있어요 ,0
1961,감사합니다 잘 받았습니다,0
1966,쪄먹었어요한입이라 좋으네여,1
1967,맛 별로 입니다,0
1968,맛잇어용   또  구매할생각 잇어용,1
1971,아주아주 좋아요,1
1974,그냥그래요,0
1977,두번째 구매인데 맛 있습니다,1
1978,감   사  합   니  다,0
1979,빠른 배송 감사합니다 잘 먹고 있습니다,1
1980,잘 받아서 잘 먹고있습니다,1
1981,나름괜찬음 그냥 저냥괜찬음 그냥 저냥괜찬음 그냥 저냥괜찬음,0
1983,달고 맛잇어요,1
1984,싱싱해 보이고 상품 좋아보여요,1
1985,잘받았습니다 맛은 먹어봐야 알것 같아요,1
1989,썩은것이 많네요,0
1991,ㄱㅅㄱㅅㄱㅅㄱㅅㄱㅅㄱㅅㄱㅅㄱ,0
1995,맞있네요,1
1996,두번째 구매,1
1998,좋아요 아주좋아요,1
2005,너무 작습니다 그래도 맛은 있었어요,0
2006,좋아요 만나게 생겼어요 감사합니다,1
2008,잘 받았구요 저는 좋다고 생각합니다 ,1
2009,좋습니다 ,1
2010,별 달지않았요,0
2012,잘받아습니다,0
2014,잘먹었습니다,1
2016,굿굿좋아여좋아여 굿굿좋아여좋아여,1
2017,정말짱이예요잘먹으게요,1
2020,맘에 들어요 번창하세요,1
2021,아직까지 말리구 있능 중이여요,1
2022,잘 받았어요   잘 먹을께요,1
2023,좋아요좋아요 ㄱㄴㄱㄴㄱㄴㄱㄴㄱㄴㄱㄴ,1
2026,잘 받음,1
2027,상품이 아주 좋아요,1
2028,만있어서 재구매,1
2029,또주문,1
2031,후기보고 구매했는데  맛도 좋겠쪄,1
2033,상품이 맞나싶을정도네요맛은 조금있네요,0
2035,같은걸 시켜도 매번 다른게 오네요,0
2036,좋은 물건 좋아용 굿 입니다,1
2037,생각보단 작아요,0
2038,보기엔 좋은데 일단 먹어봐야겠죠,1
2039,ㅗㄷㅁㄴ타다대더디ㅓ다데,1
2042,아주 굿 망설일 필요 없겠어요,1
2044,넘 작아요,0
2046,싸고좋아요,1
2047,아주 좋아요 배송 빨라요,1
2048,아직 먹어보진 않았어요,1
2051,상품평이 좋아서 믿고 주문했는데,0
2052,부러진게 좀 많네요,0
2053,받았습니다,0
2054,후기가 좋아 구매했습니다,1
2055,달고 좋아요,1
2057,별 하나도 아까워요 다 썩어서 그대로 버렸습니다 먹을 수 있는 상품을 판매하면 좋겠네요,0
2059,조아요ㅠㅠㅠㅠㅠㅠ,1
2060,맛도 좋고 배송도빨라요,1
2061,일전 주문상품은 생각보다 좋고 맛도 좋아서,1
2062,별로입니다,0
2063,수고하셨습니다 잘 받았습니다,1
2064,아주작아서 먹을게없어여,0
2067,맛 따봉,1
2068,길고 가늘어서 ㅋㅋㅋ 그런데 맛은 짱입니다ㅋ,1
2069,맛은 그럭저럭 괜잖은데 너무작아요,0
2073,이런거 주지마세요,0
2076,감사핮니다,1
2077,감   사   합  니   다,0
2079,별로ㅠㅠㅠㅠㅠㅠㅠ,0
2080,작은건줄 알고구입했는데  썩은게 꽤있고 요즘 갑자기 추워서인지 얼어서 풀어진건지  달지도 않고 돈 더주고 상품성있는거 구입할걸 그랬네요ㅜ,0
2084,잘아도 너무 잘아서 그만 주문해요,0
2085,싸게 잘 샀어요 많이 파세요,1
2087,너무좋아여 감사합니다 좋습니다굳 상품 좋아요,1
2089,오늘 도착,1
2092,잘먹겠습니다 번창하세요,1
2093,감사합니다 감사합니다,0
2094,좋읍나ㅣ다,1
2095,다젖어서왔어요ㅡ ㅡ,0
2097,좋아요 다음에 재구매 하겠습니다 감사합니다,1
2101,제품이  얼었다 녹았어요,0
2103,조아요 조아요 조아요 조아요,1
2104,너무 감사합니다,1
2106,잘받았음,0
2109,ㄱㅅㄱㅅㄱㅅㅋㅅㄱㅅㄱㅅㄱㅅ,0
2112,아주맛있어요,1
2113,항상 구매하는 상품입니다,1
2116,감ㅅ합니다,1
2117,짱좋아용ㅇㅇ,1
2119,그냥저냥그럭저럭이네요,0
2121,약간씩 썩으려는게 있어요 적당히 먹을만 해요,1
2124,월일구매후 일밤에 도착 ,0
2126,별로예요못막는거도 개되요,0
2128,너무 귀여워 ㅋㅋㅋ 먹을수가없네요,1
2130,그럭저럭 이네요,0
2131,좋아서 바로  재구매한건데,0
2133,썩은거 한개도 없이 왔어요 근데 정말 작아요,1
2138,좋아요 잘받았어요,1
2139,먹어보고고고즣으면재구매,1
2140,잘먹고 있어요 감사합니다,1
2141,잘받았습니다 ,0
2143,상품은 깨큿한데 너무너무작아요,0
2144,ㄱㅊㄱㅊㅊㄱㅊㅊㄱㅊㄱㅊㄱㅊㅊㄱㅊ,1
2145,맛나보여요잘먹겠습니다,1
2146,잘 받았어요 맛도 좋아요,1
2148,추운때 배달이라 얼어서 왔어요,1
2149,잘 먹을께요,1
2150,잘받았습니다또주문할께요,1
2152,상품은 좋고 맛도 좋았는데,0
2153,좋아오ㅡ,1
2154,굿좋아요 아주아주 좋은하루되세요,1
2155,작은것도 섞여 있어요,0
2156,썩어서 다버렸슴,0
2157,또 시켜야겐네요 후다닥 먹네여,1
2159,감사합니다  많이파시고 번창하세요,1
2161, 상해서 못먹고 버림,0
2163,ㅎ,1
2166,잘받았ㅇㅇㅇㅇㅇ어요,1
2168,달고 맛나요,1
2169,구웃,1
2171,ㅈㅗ아요,1
2172,보내주신것 잘 받앗습니다,1
2173,좋아오ㅡ감사합니다,1
2174,좋아요너무좋아요,1
2175,아직 억어보진 안았는데 얼지도 안았고 색도 아주 예뻐서 기대하고 있어요잘 먹겠습니다,1
2177,맛은 좋아요 양이 좀 아쉬워요,1
2178,잘 먹고 있지요,1
2182,좀 잘아요,0
2183,조아요조아요조아요조아요,1
2184,돈 조금더 써서 큰걸로 살껄,0
2185,파삭한 밤이 조아서 골랐어요,1
2188,맛이 굿,1
2189,함냐함냐함,0
2193,빠른배송에 물건잘받았습니다,1
2195,보통이었네요,0
2196,다 썩어서,0
2197,좋아요좋아요좋아요좋아요종아요 ,1
