대상 종가집 행복이온 포기김치 10kg,"44,930원",https://prod.danawa.com/info/?pcode=10943649&keyword=%EA%B9%80%EC%B9%98&cate=1622479
대상 종가집 행복이온 전라도 포기김치 10kg,"44,930원",https://prod.danawa.com/info/?pcode=10943589&keyword=%EA%B9%80%EC%B9%98&cate=1622479
이마트 피코크 조선호텔 포기김치 8kg,"55,100원",https://prod.danawa.com/info/?pcode=10602972&keyword=%EA%B9%80%EC%B9%98&cate=1622479
,,https://search.danawa.com/ajax/productPot.ajax.php?key=4ugX4xKsbn
해드림 생 포기김치 10kg,"17,960원",https://prod.danawa.com/info/?pcode=5590830&keyword=%EA%B9%80%EC%B9%98&cate=1622479
이마트 노브랜드 별미 포기김치 3.5kg,"14,970원",https://prod.danawa.com/info/?pcode=3958723&keyword=%EA%B9%80%EC%B9%98&cate=1622479
우영채널 사대부 포기김치 10kg,"33,950원",https://prod.danawa.com/info/?pcode=11057175&keyword=%EA%B9%80%EC%B9%98&cate=1622479
이마트 피코크 조선호텔 포기김치 4kg,"27,120원",https://prod.danawa.com/info/?pcode=5403172&keyword=%EA%B9%80%EC%B9%98&cate=1622479
대복 포기김치 10kg,"37,200원",https://prod.danawa.com/info/?pcode=771296&keyword=%EA%B9%80%EC%B9%98&cate=1622479
풀무원 사계절 아삭 포기김치 10kg,"46,320원",https://prod.danawa.com/info/?pcode=11504540&keyword=%EA%B9%80%EC%B9%98&cate=1622479
대상 종가집 우리땅 배추김치 태백 10kg,"41,660원",https://prod.danawa.com/info/?pcode=5583408&keyword=%EA%B9%80%EC%B9%98&cate=1622479
대상 종가집 우리땅 총각김치 5kg,"26,310원",https://prod.danawa.com/info/?pcode=1533169&keyword=%EA%B9%80%EC%B9%98&cate=1622479
CJ제일제당 비비고 김치볶음 80g,"1,090원",https://prod.danawa.com/info/?pcode=6252502&keyword=%EA%B9%80%EC%B9%98&cate=1622479
홍진경 더김치 포기김치 8kg,"38,320원",https://prod.danawa.com/info/?pcode=771306&keyword=%EA%B9%80%EC%B9%98&cate=1622479
오바로이 포기김치 10kg,"35,350원",https://prod.danawa.com/info/?pcode=16620179&keyword=%EA%B9%80%EC%B9%98&cate=1622479
홍진경 더김치 포기김치 10kg,"53,910원",https://prod.danawa.com/info/?pcode=10380243&keyword=%EA%B9%80%EC%B9%98&cate=1622479
바로푸드 랜덤 포기김치 10kg,"20,890원",https://prod.danawa.com/info/?pcode=13139951&keyword=%EA%B9%80%EC%B9%98&cate=1622479
씨알에프앤씨 깐깐 송도순 포기김치 10kg,"35,920원",https://prod.danawa.com/info/?pcode=5346558&keyword=%EA%B9%80%EC%B9%98&cate=1622479
강가의나무 마음심은 소문난 포기김치 10kg,"38,770원",https://prod.danawa.com/info/?pcode=5590890&keyword=%EA%B9%80%EC%B9%98&cate=1622479
여수농협 돌산갓김치 3kg,"18,280원",https://prod.danawa.com/info/?pcode=967957&keyword=%EA%B9%80%EC%B9%98&cate=1622479
양주골김치 포기김치 10kg,"35,770원",https://prod.danawa.com/info/?pcode=13204571&keyword=%EA%B9%80%EC%B9%98&cate=1622479
CJ제일제당 하선정 포기김치 3.5kg,"10,000원",https://prod.danawa.com/info/?pcode=4148577&keyword=%EA%B9%80%EC%B9%98&cate=1622479
대상 종가집 포기김치 4kg,"34,920원",https://prod.danawa.com/info/?pcode=967685&keyword=%EA%B9%80%EC%B9%98&cate=1622479
올박스 김나운더키친 총각김치 5kg,"17,980원",https://prod.danawa.com/info/?pcode=4625069&keyword=%EA%B9%80%EC%B9%98&cate=1622479
미도 포기김치 10kg,"15,330원",https://prod.danawa.com/info/?pcode=2220979&keyword=%EA%B9%80%EC%B9%98&cate=1622479
CJ제일제당 비비고 포기 배추김치 3.3kg,"29,890원",https://prod.danawa.com/info/?pcode=4304143&keyword=%EA%B9%80%EC%B9%98&cate=1622479
대상 종가집 묵은지 10kg,"45,490원",https://prod.danawa.com/info/?pcode=4904391&keyword=%EA%B9%80%EC%B9%98&cate=1622479
자연푸드몰 생 포기김치 10kg,"33,840원",https://prod.danawa.com/info/?pcode=13519463&keyword=%EA%B9%80%EC%B9%98&cate=1622479
대상 종가집 행복이온 포기김치 5kg,"26,070원",https://prod.danawa.com/info/?pcode=10942929&keyword=%EA%B9%80%EC%B9%98&cate=1622479
푸드뱅크 가정식 포기김치 10kg,"32,590원",https://prod.danawa.com/info/?pcode=4902029&keyword=%EA%B9%80%EC%B9%98&cate=1622479
대상 종가집 포기김치 5kg,"39,172원",https://prod.danawa.com/info/?pcode=6642517&keyword=%EA%B9%80%EC%B9%98&cate=1622479
명동김치 명동칼국수 마늘김치 2kg,"11,220원",https://prod.danawa.com/info/?pcode=13262246&keyword=%EA%B9%80%EC%B9%98&cate=1622479
대상 종가집 행복이온 플러스 포기김치 10kg,"52,100원",https://prod.danawa.com/info/?pcode=10943778&keyword=%EA%B9%80%EC%B9%98&cate=1622479
도미솔식품 도미솔 왕비 포기김치 10kg,"47,650원",https://prod.danawa.com/info/?pcode=17967050&keyword=%EA%B9%80%EC%B9%98&cate=1622479
이마트 노브랜드 별미 맛김치 1.9kg,"10,970원",https://prod.danawa.com/info/?pcode=4637898&keyword=%EA%B9%80%EC%B9%98&cate=1622479
자연푸드몰 가정식 생 포기김치 10kg,"22,900원",https://prod.danawa.com/info/?pcode=11944575&keyword=%EA%B9%80%EC%B9%98&cate=1622479
올박스 반기수라 양희경 서울식 포기김치 10kg,"42,520원",https://prod.danawa.com/info/?pcode=8669222&keyword=%EA%B9%80%EC%B9%98&cate=1622479
CJ제일제당 비비고 총각김치 1.5kg,"15,600원",https://prod.danawa.com/info/?pcode=5630647&keyword=%EA%B9%80%EC%B9%98&cate=1622479
남도김치 김치양념 1kg,"12,380원",https://prod.danawa.com/info/?pcode=5579474&keyword=%EA%B9%80%EC%B9%98&cate=1622479
CJ제일제당 비비고 열무김치 1.5kg,"17,570원",https://prod.danawa.com/info/?pcode=8971034&keyword=%EA%B9%80%EC%B9%98&cate=1622479
대상 종가집 우리땅 배추김치 태백 5kg,"23,050원",https://prod.danawa.com/info/?pcode=5583396&keyword=%EA%B9%80%EC%B9%98&cate=1622479
